Area Coordination (For ACMs Only),ACC Council,ACM Council Agendas,https://office365lds.sharepoint.com/sites/BYU-PWAreaCoordination/SitePages/ACM-Council-Agendas.aspx#:~:text=Upcoming%20Agendas
Block,,International Area Transitioning to Block a Guide.pdf,https://missionaries.prod.byu-pathway.psdops.com/International-Area-Transitioning-to-Block-a-Guide
Block,,PathwayConnect Curriculum and Block.pdf,https://missionaries.prod.byu-pathway.psdops.com/PathwayConnect-Curriculum-and-Block
Block,,PC 103 Block Pilot Spring 2022.pdf,https://missionaries.prod.byu-pathway.psdops.com/PC-103-Block-Pilot-Spring-2022
Missionary Processes,Vetting ACMs,ACM Vetting Recommendation Instructions.pdf,https://missionaries.prod.byu-pathway.psdops.com/ACM-Vetting-Recommendation-Instructions
Missionary Processes,Vetting New Missioanries,Vetting New Missionary Instructions.pdf,https://missionaries.prod.byu-pathway.psdops.com/Vetting-New-Missionary-Instructions
Missionary Software & Uses,CRM,Creating a New Ticket.pdf,https://missionaries.prod.byu-pathway.psdops.com/Creating-a-New-Ticket
Missionary Software & Uses,CRM,CRM Checking Ticket Results.pdf,https://missionaries.prod.byu-pathway.psdops.com/CRM-Checking-Ticket-Results
Missionary Software & Uses,CRM,How to Create a New Ticket,https://missionaries.prod.byu-pathway.psdops.com/Creating-a-New-Ticket
Missionary Software & Uses,CRM,Student Issue Escalation Process.pdf,https://missionaries.prod.byu-pathway.psdops.com/Student-Issue-Escalation-Process
Missionary Software & Uses,PATH for Area Coordination Missionaries (ACMs),Closing a Site.pdf,https://missionaries.prod.byu-pathway.psdops.com/Closing-a-Site
Missionary Software & Uses,PATH for Area Coordination Missionaries (ACMs),Creating a New Site in PATH.pdf,https://missionaries.prod.byu-pathway.psdops.com/Creating-a-New-Site-in-PATH
Missionary Software & Uses,PATH for Area Coordination Missionaries (ACMs),Path Reorg.pdf,https://missionaries.prod.byu-pathway.psdops.com/Path-Reorg
Missionary Software & Uses,PATH for Area Coordination Missionaries (ACMs),Accessing Your Student List in PATH.pdf,https://missionaries.prod.byu-pathway.psdops.com/Accessing-Your-Student-List-in-PATH
Missionary Software & Uses,PATH for Area Coordination Missionaries (ACMs),Adjusting for Daylight Savings Time.pdf,https://missionaries.prod.byu-pathway.psdops.com/Adjusting-for-Daylight-Savings-Time
Missionary Software & Uses,PATH for Area Coordination Missionaries (ACMs),Approving Units-Stakes for Virtual Locations.pdf,https://missionaries.prod.byu-pathway.psdops.com/Approving-Units-Stakes-for-Virtual-Locations
Missionary Software & Uses,PATH for Area Coordination Missionaries (ACMs),Assign a Role to a Missionary.pdf,https://missionaries.prod.byu-pathway.psdops.com/Assign-a-Role-to-a-Missionary
Missionary Software & Uses,PATH for Area Coordination Missionaries (ACMs),Assign the Church Unit Detail Role.pdf,https://missionaries.prod.byu-pathway.psdops.com/Assign-the-Church-Unit-Detail-Role
Missionary Software & Uses,PATH for Area Coordination Missionaries (ACMs),Assigning Missionaries to a Group.pdf,https://missionaries.prod.byu-pathway.psdops.com/Assigning-Missionaries-to-a-Group
Missionary Software & Uses,PATH for Area Coordination Missionaries (ACMs),Assigning Students from the Unassigned List.pdf,https://missionaries.prod.byu-pathway.psdops.com/Assigning-Students-from-the-Unassigned-List
Missionary Software & Uses,PATH for Area Coordination Missionaries (ACMs),Check a Learner's ELA Scores.pdf,https://missionaries.prod.byu-pathway.psdops.com/Check-a-Learner's-ELA-Scores
Missionary Software & Uses,PATH for Area Coordination Missionaries (ACMs),Closing or Deprecating a Group.pdf,https://missionaries.prod.byu-pathway.psdops.com/Closing-or-Deprecating-a-Group
Missionary Software & Uses,PATH for Area Coordination Missionaries (ACMs),Creating a New Group.pdf,https://missionaries.prod.byu-pathway.psdops.com/Creating-a-New-Group
Missionary Software & Uses,PATH for Area Coordination Missionaries (ACMs),Designating Programs Active or Hidden.pdf,https://missionaries.prod.byu-pathway.psdops.com/Designating-Programs-Active-or-Hidden
Missionary Software & Uses,PATH for Area Coordination Missionaries (ACMs),Email Data Privacy.pdf,https://missionaries.prod.byu-pathway.psdops.com/Email-Data-Privacy
Missionary Software & Uses,PATH for Area Coordination Missionaries (ACMs),Find a Learner's Enrollment Information.pdf,https://missionaries.prod.byu-pathway.psdops.com/Find-a-Learner's-Enrollment-Information
Missionary Software & Uses,PATH for Area Coordination Missionaries (ACMs),Find a Learner's ID Number.pdf,https://missionaries.prod.byu-pathway.psdops.com/Find-a-Learner's-ID-Number
Missionary Software & Uses,PATH for Area Coordination Missionaries (ACMs),Find a Learner's Personal Information.pdf,https://missionaries.prod.byu-pathway.psdops.com/Find-a-Learner's-Personal-Information
Missionary Software & Uses,PATH for Area Coordination Missionaries (ACMs),Find a Learner's Tuition Payment and Balance.pdf,https://missionaries.prod.byu-pathway.psdops.com/Find-a-Learner's-Tuition-Payment-and-Balance
Missionary Software & Uses,PATH for Area Coordination Missionaries (ACMs),Find a Student's Contact Information.pdf,https://missionaries.prod.byu-pathway.psdops.com/Find-a-Student-Contact-Information
Missionary Software & Uses,PATH for Area Coordination Missionaries (ACMs),Find a Student's ID Number.pdf,https://missionaries.prod.byu-pathway.psdops.com/Find-a-Students-ID-Number
Missionary Software & Uses,PATH for Area Coordination Missionaries (ACMs),Find Student Information.pdf,https://missionaries.prod.byu-pathway.psdops.com/Find-Student-Information
Missionary Software & Uses,PATH for Area Coordination Missionaries (ACMs),Find Student Personal Information.pdf,https://missionaries.prod.byu-pathway.psdops.com/Find-Student-Personal-Information
Missionary Software & Uses,PATH for Area Coordination Missionaries (ACMs),Find Tuition Balance and Payments.pdf,https://missionaries.prod.byu-pathway.psdops.com/Find-Tuition-Balance-and-Payments
Missionary Software & Uses,PATH for Area Coordination Missionaries (ACMs),Finding Learner Information EC3.pdf,https://missionaries.prod.byu-pathway.psdops.com/Finding-Learner-Information-EC3
Missionary Software & Uses,PATH for Area Coordination Missionaries (ACMs),Finding Student Information in PATH,https://missionaries.prod.byu-pathway.psdops.com/Finding-Student-Information-in-PATH%E2%80%8B
Missionary Software & Uses,PATH for Area Coordination Missionaries (ACMs),Finding Students with Duplicate Path Accounts.pdf,https://missionaries.prod.byu-pathway.psdops.com/Finding-Students-with-Duplicate-Path-Accounts
Missionary Software & Uses,PATH for Area Coordination Missionaries (ACMs),Finding Your Location in PATH EC3.pdf,https://missionaries.prod.byu-pathway.psdops.com/Finding-Your-Location-in-PATH-EC3
Missionary Software & Uses,PATH for Area Coordination Missionaries (ACMs),Finding Your Location in PATH.pdf,https://missionaries.prod.byu-pathway.psdops.com/Finding-Your-Location-in-PATH
Missionary Software & Uses,PATH for Area Coordination Missionaries (ACMs),How to Identify PC Enrolled Students That Should be in C&D.pdf,https://missionaries.prod.byu-pathway.psdops.com/How-to-Identify-PC-Enrolled-Students-That-Should-be-in-C&D
Missionary Software & Uses,PATH for Area Coordination Missionaries (ACMs),How to Log into PATH.pdf,https://missionaries.prod.byu-pathway.psdops.com/How-to-Log-into-PATH
Missionary Software & Uses,PATH for Area Coordination Missionaries (ACMs),Impersonating a Student in PC.pdf,https://missionaries.prod.byu-pathway.psdops.com/Impersonating-a-Student-in-PC
Missionary Software & Uses,PATH for Area Coordination Missionaries (ACMs),Locate a Student's Enrollment Record.pdf,https://missionaries.prod.byu-pathway.psdops.com/Locate-a-Student's-Enrollment-Record
Missionary Software & Uses,PATH for Area Coordination Missionaries (ACMs),Locate Learner Information.pdf,https://missionaries.prod.byu-pathway.psdops.com/Locate-Learner-Information
Missionary Software & Uses,PATH for Area Coordination Missionaries (ACMs),Modify a Student Name for a Completion Certificate.pdf,https://missionaries.prod.byu-pathway.psdops.com/Modify-a-Student-Name-for-a-Completion-Certificate
Missionary Software & Uses,PATH for Area Coordination Missionaries (ACMs),Monitoring Missionary End Dates in PATH.pdf,https://missionaries.prod.byu-pathway.psdops.com/Monitoring-Missionary-End-Dates-in-PATH
Missionary Software & Uses,PATH for Area Coordination Missionaries (ACMs),Monitoring Student Progress.pdf,https://missionaries.prod.byu-pathway.psdops.com/Monitoring-Student-Progress
Missionary Software & Uses,PATH for Area Coordination Missionaries (ACMs),Moving a Missionary to a New Location.pdf,https://missionaries.prod.byu-pathway.psdops.com/Moving-a-Missionary-to-a-New-Location
Missionary Software & Uses,PATH for Area Coordination Missionaries (ACMs),Organizing PATH for your area.pdf,https://missionaries.prod.byu-pathway.psdops.com/Organizing-PATH-for-your-area
Missionary Software & Uses,PATH for Area Coordination Missionaries (ACMs),Overview of Location Details Page.pdf,https://missionaries.prod.byu-pathway.psdops.com/Overview-of-Location-Details-Page
Missionary Software & Uses,PATH for Area Coordination Missionaries (ACMs),PATH Group Naming Convention.pdf,https://missionaries.prod.byu-pathway.psdops.com/PATH-Group-Naming-Convention
Missionary Software & Uses,PATH for Area Coordination Missionaries (ACMs),PATH Overview.pdf,https://missionaries.prod.byu-pathway.psdops.com/PATH-Overview
Missionary Software & Uses,PATH for Area Coordination Missionaries (ACMs),PATH Walkthrough.pdf,https://missionaries.prod.byu-pathway.psdops.com/PATH-Walkthrough
Missionary Software & Uses,PATH for Area Coordination Missionaries (ACMs),PC - Finding Student Information.pdf,https://missionaries.prod.byu-pathway.psdops.com/PC-Finding-Student-Information
Missionary Software & Uses,PATH for Area Coordination Missionaries (ACMs),Printing an Individual Certificate of Completion.pdf,https://missionaries.prod.byu-pathway.psdops.com/Printing-an-Individual-Certificate-of-Completion
Missionary Software & Uses,PATH for Area Coordination Missionaries (ACMs),Restructuring Your Area in PATH.pdf,https://missionaries.prod.byu-pathway.psdops.com/Restructuring-Your-Area-in-PATH
Missionary Software & Uses,PATH for Area Coordination Missionaries (ACMs),Send a Group Email.pdf,https://missionaries.prod.byu-pathway.psdops.com/Send-a-Group-Email
Missionary Software & Uses,PATH for Area Coordination Missionaries (ACMs),Student Finance Information.pdf,https://missionaries.prod.byu-pathway.psdops.com/Student-Finance-Information
Missionary Software & Uses,PATH for Area Coordination Missionaries (ACMs),Student Online Enrollment Information .pdf,https://missionaries.prod.byu-pathway.psdops.com/Student-Online-Enrollment-Information
Missionary Software & Uses,PATH for Area Coordination Missionaries (ACMs),Student Transfer FAQ.pdf,https://missionaries.prod.byu-pathway.psdops.com/Student-Transfer-FAQ
Missionary Software & Uses,PATH for Area Coordination Missionaries (ACMs),Transferring a Student to a Different Area.pdf,https://missionaries.prod.byu-pathway.psdops.com/Transferring-a-Student-to-a-Different-Area
Missionary Software & Uses,PATH for Area Coordination Missionaries (ACMs),Transferring a Student to a Different Location.pdf,https://missionaries.prod.byu-pathway.psdops.com/Transferring-a-Student-to-a-Different-Location
Missionary Software & Uses,PATH for Area Coordination Missionaries (ACMs),Transferring a Student to a Different Program.pdf,https://missionaries.prod.byu-pathway.psdops.com/Transferring-a-Student-to-a-Different-Program
Missionary Software & Uses,PATH for Area Coordination Missionaries (ACMs),Transferring a Student within a Location.pdf,https://missionaries.prod.byu-pathway.psdops.com/Transferring-a-Student-within-a-Location
Missionary Software & Uses,PATH for Area Coordination Missionaries (ACMs),Understanding the Groups Page EC3.pdf,https://missionaries.prod.byu-pathway.psdops.com/Understanding-the-Groups-Page-EC3
Missionary Software & Uses,PATH for Area Coordination Missionaries (ACMs),Updating Group Information.pdf,https://missionaries.prod.byu-pathway.psdops.com/Updating-Group-Information
Missionary Software & Uses,PATH for Area Coordination Missionaries (ACMs),Updating Personal Information.pdf,https://missionaries.prod.byu-pathway.psdops.com/Updating-Personal-Information
Missionary Software & Uses,PATH for Area Coordination Missionaries (ACMs),Using the PATH Search Feature EC3.pdf,https://missionaries.prod.byu-pathway.psdops.com/Using-the-PATH-Search-Feature-EC3
Missionary Software & Uses,PATH for Area Coordination Missionaries (ACMs),Using the Site Location Directory.pdf,https://missionaries.prod.byu-pathway.psdops.com/Using-the-Site-Location-Directory
Missionary Software & Uses,PATH for Area Coordination Missionaries (ACMs),Verify a Learner's Church Member Status.pdf,https://missionaries.prod.byu-pathway.psdops.com/Verify-a-Learner's-Church-Member-Status
Missionary Software & Uses,PATH for Area Coordination Missionaries (ACMs),Verify a Student's Church Membership Status.pdf,https://missionaries.prod.byu-pathway.psdops.com/Verify-a-Student's-Church-Membership-Status
Missionary Software & Uses,PATH for Area Coordination Missionaries (ACMs),Verify Completion of a Background Check.pdf,https://missionaries.prod.byu-pathway.psdops.com/Verify-Completion-of-a-Background-Check
Missionary Software & Uses,PATH for Area Coordination Missionaries (ACMs),Verify Member Recordl Number (MRN).pdf,https://missionaries.prod.byu-pathway.psdops.com/Verify-Member-Recordl-Number-MRN
Missionary Software & Uses,PATH for Area Coordination Missionaries (ACMs),View a Student's English Pre-Assessment.pdf,https://missionaries.prod.byu-pathway.psdops.com/View-a-Student's-English-Pre-Assessment
Missionary Software & Uses,PATH for Area Coordination Missionaries (ACMs),View Scholarships Received.pdf,https://missionaries.prod.byu-pathway.psdops.com/View-Scholarships-Received
Missionary Software & Uses,PATH for Area Coordination Missionaries (ACMs),What is a Default Group.pdf,https://missionaries.prod.byu-pathway.psdops.com/What-is-a-Default-Group
Missionary Software & Uses,Power BI,Basic Navigation of Power BI.pdf,https://missionaries.prod.byu-pathway.psdops.com/Basic-Navigation-of-Power-BI
Missionary Software & Uses,Power BI,Check Enrollment Trends.pdf,https://missionaries.prod.byu-pathway.psdops.com/Check-Enrollment-Trends
Missionary Software & Uses,Power BI,Checking Enrollment Trends.pdf,https://missionaries.prod.byu-pathway.psdops.com/Check-Enrollment-Trends
Missionary Software & Uses,Power BI,Download a Report.pdf,https://missionaries.prod.byu-pathway.psdops.com/Download-a-Report
Missionary Software & Uses,Power BI,Finding & Using PowerBI Reports.pdf,https://missionaries.prod.byu-pathway.psdops.com/Finding-&-Using-PowerBI-Reports
Missionary Software & Uses,Power BI,Focus Mode.pdf,https://missionaries.prod.byu-pathway.psdops.com/Focus-Mode
Missionary Software & Uses,Power BI,How to Find Power BI Reports 3.pdf,https://missionaries.prod.byu-pathway.psdops.com/How-to-Find-Power-BI-Reports-3
Missionary Software & Uses,Power BI,How to Use the Filter Menu.pdf,https://missionaries.prod.byu-pathway.psdops.com/How-to-Use-the-Filter-Menu
Missionary Software & Uses,Power BI,Monitor HJG Applications.pdf,https://missionaries.prod.byu-pathway.psdops.com/Monitor-HJG-Applications
Missionary Software & Uses,Power BI,Monitor Missionary End Dates in Power BI.pdf,https://missionaries.prod.byu-pathway.psdops.com/Monitor-Missionary-End-Dates-in-Power-BI
Missionary Software & Uses,Power BI,Power BI Training.pdf,https://missionaries.prod.byu-pathway.psdops.com/Power-BI-Training
Missionary Software & Uses,Power BI,PowerBI Reports Overview.pdf,https://missionaries.prod.byu-pathway.psdops.com/PowerBI-Reports-Overview
Missionary Software & Uses,Power BI,Prepare Excel Sheets for Basic Filtering.pdf,https://missionaries.prod.byu-pathway.psdops.com/Prepare-Excel-Sheets-for-Basic-Filtering
Missionary Software & Uses,Power BI,Reset Filters.pdf,https://missionaries.prod.byu-pathway.psdops.com/Reset-Filters
Missionary Software & Uses,Power BI,Use Additional Filters.pdf,https://missionaries.prod.byu-pathway.psdops.com/Use-Additional-Filters
Missionary Software & Uses,Technical Support,2023 ELA Pilot.pdf,https://missionaries.prod.byu-pathway.psdops.com/2023-ELA-Pilot
Missionary Software & Uses,Troubleshooting,Check to See if a BYU-Pathway Worldwide System is Down,https://office365lds.sharepoint.com/sites/BYU-PathwayTechnicalSupport/SitePages/System-Status.aspx?xsdata=MDV8MDJ8ZWR3YXJkc3JpY2tpZUBieXVwYXRod2F5Lm9yZ3w1YWFlYjFhNDllOTY0MzZkNTE3MzA4ZGM2Zjg3OGY2OHw2MWU2ZWViMzVmZDc0YWFhYWUzYzYxZThkZWIwOWI3OXwwfDB8NjM4NTA3ODc1MjE5Nzg2NDg1fFVua25vd258VFdGcGJHWnNiM2Q4ZXlKV0lqb2lNQzR3TGpBd01EQWlMQ0pRSWpvaVYybHVNeklpTENKQlRpSTZJazFoYVd3aUxDSlhWQ0k2TW4wPXwwfHx8&sdata=QnlHMGZ5SXd5enNYRUM3bktoa0lNZ0Z3VE84Yk9EK0hhYmhLakM5aXVhcz0%3D&CT=1715195813843&OR=OWA-NT-Mail&CID=a0a1c942-2326-f38f-5387-ba456eb48a6a&clickParams=eyJYLUFwcE5hbWUiOiJNaWNyb3NvZnQgT3V0bG9vayBXZWIgQXBwIiwiWC1BcHBWZXJzaW9uIjoiMjAyNDA0MTkwMDcuMzUiLCJPUyI6Ik1hYyBPUyBYIHVuZGVmaW5lZCJ9
Missionary Support and Training,Missionary Motivations,Temple Make and Keep Covenants.pdf,https://missionaries.prod.byu-pathway.psdops.com/Temple-Make-and-Keep-Covenants
Policies,,BYU Pathway Worldwide Unapproved Locations.pdf,https://missionaries.prod.byu-pathway.psdops.com/BYU-Pathway-Worldwide-Unapproved-Locations
Policies,,Policy Assistant ACM Role.pdf,https://missionaries.prod.byu-pathway.psdops.com/Policy-Assistant-ACM-Role
Policies,,Policy BYU Pathway Gathering Standards.pdf,https://missionaries.prod.byu-pathway.psdops.com/Policy-BYU-Pathway-Gathering-Standards
Policies,,Policy CDOL Access.pdf,https://missionaries.prod.byu-pathway.psdops.com/Policy-CDOL-Access
Policies,,Policy Employees Serving As BYUPW Service Missionary.pdf,https://missionaries.prod.byu-pathway.psdops.com/Policy-Employees-Serving-As-BYUPW-Service-Missionary
Policies,,Policy Exception to Enroll With Outstanding Balances.pdf,https://missionaries.prod.byu-pathway.psdops.com/Policy-Exception-to-Enroll-With-Outstanding-Balances
Policies,,Policy Executive Secretaries & Communication.pdf,https://missionaries.prod.byu-pathway.psdops.com/Policy-Executive-Secretaries-&-Communication
Policies,,Policy International Student Transfers.pdf,https://missionaries.prod.byu-pathway.psdops.com/Policy-International-Student-Transfers
Policies,,Policy Issue Zoom Licensed Accounts.pdf,https://missionaries.prod.byu-pathway.psdops.com/ACC%20Documents%20Policy%20Issue%20Zoom%20Licensed%20Accounts
Policies,,Policy Missionary Badge Policy.pdf,https://missionaries.prod.byu-pathway.psdops.com/Policy-Missionary-Badge-Policy
Policies,,Policy New Admission Deadlines.pdf,https://missionaries.prod.byu-pathway.psdops.com/Policy-New-Admission-Deadlines
Policies,,Policy PATH EnglishConnect Naming Convention for Groups.pdf,https://missionaries.prod.byu-pathway.psdops.com/Policy-PATH-EnglishConnect-Naming-Convention-for-Groups
Policies,,Policy PATH Naming Convention for Groups.pdf,https://missionaries.prod.byu-pathway.psdops.com/Policy-PATH_Naming-Convention-for-Groups
Policies,,Policy Service Missionary Name Badges.pdf,https://missionaries.prod.byu-pathway.psdops.com/Policy-Service-Missionary-Name-Badges
Policies,,Policy Student Grievance Against Missionary Public Viewing.pdf,https://missionaries.prod.byu-pathway.psdops.com/Policy-Student-Grievance-Against-Missionary-Public-Viewing
Policies,,Policy Student Late Fee Policy.pdf,https://missionaries.prod.byu-pathway.psdops.com/Policy-Student-Late-Fee-Policy
