BYU-Pathway Worldwide,BYU-Pathway Worldwide Overview,2024_Service Missionaries Flyer.pdf,https://missionaries.prod.byu-pathway.psdops.com/2024_Service-Missionaries-Flyer
BYU-Pathway Worldwide,BYU-Pathway Worldwide Overview,Apply For and Check Status of HJG Scholarship.pdf,https://missionaries.prod.byu-pathway.psdops.com/Apply-For-and-Check-Status-of-HJG-Scholarship
BYU-Pathway Worldwide,BYU-Pathway Worldwide Overview,Area Manager Assignments.pdf,https://missionaries.prod.byu-pathway.psdops.com/Area-Manager-Assignments
BYU-Pathway Worldwide,BYU-Pathway Worldwide Overview,Area Structure and Communication.pdf,https://missionaries.prod.byu-pathway.psdops.com/Area-Structure-and-Communication
BYU-Pathway Worldwide,BYU-Pathway Worldwide Overview,BYU-Pathway History-Full.pdf,https://missionaries.prod.byu-pathway.psdops.com/BYU-Pathway-History-Full
BYU-Pathway Worldwide,BYU-Pathway Worldwide Overview,BYU-Pathway History-Short.pdf,https://missionaries.prod.byu-pathway.psdops.com/BYU-Pathway-History-Short
BYU-Pathway Worldwide,BYU-Pathway Worldwide Overview,BYU-Pathway Worldwide History.pdf,https://missionaries.prod.byu-pathway.psdops.com/BYU-Pathway-Worldwide-History
BYU-Pathway Worldwide,BYU-Pathway Worldwide Overview,BYU-PW Strategy.pdf,https://missionaries.prod.byu-pathway.psdops.com/BYU-Pathway-Strategy
BYU-Pathway Worldwide,BYU-Pathway Worldwide Overview,Certificate-First Approach.pdf,https://missionaries.prod.byu-pathway.psdops.com/Certificate-First-Approach
BYU-Pathway Worldwide,BYU-Pathway Worldwide Overview,Check Student History for Past Grades.pdf,https://missionaries.prod.byu-pathway.psdops.com/Check-Student-History-for-Past-Grades
BYU-Pathway Worldwide,BYU-Pathway Worldwide Overview,CHINESE CSM Application Oct2021.pdf,https://missionaries.prod.byu-pathway.psdops.com/CHINESE-CSM-Application-Oct2021
BYU-Pathway Worldwide,BYU-Pathway Worldwide Overview,Church HR Annual Workforce Training.pdf,https://missionaries.prod.byu-pathway.psdops.com/Church-HR-Annual-Workforce-Training
BYU-Pathway Worldwide,BYU-Pathway Worldwide Overview,Create a Relationship with Your Mentor.pdf,https://missionaries.prod.byu-pathway.psdops.com/Create-a-Relationship-with-Your-Mentor
BYU-Pathway Worldwide,BYU-Pathway Worldwide Overview,Defining Characteristics.pdf,https://missionaries.prod.byu-pathway.psdops.com/Defining-Characteristics
BYU-Pathway Worldwide,BYU-Pathway Worldwide Overview,ENGLISH CSM Application Oct2021.pdf,https://missionaries.prod.byu-pathway.psdops.com/ENGLISH%20CSM%20Application%20Oct2021
BYU-Pathway Worldwide,BYU-Pathway Worldwide Overview,Ensign College Overview.pdf,https://missionaries.prod.byu-pathway.psdops.com/Ensign-College-Overview
BYU-Pathway Worldwide,BYU-Pathway Worldwide Overview,Finding the Correct BYU-Pathway Application.pdf,https://missionaries.prod.byu-pathway.psdops.com/Finding-the-Correct-BYU-Pathway-Application
BYU-Pathway Worldwide,BYU-Pathway Worldwide Overview,FRENCH CSM Application Oct2021.pdf,https://missionaries.prod.byu-pathway.psdops.com/FRENCH-CSM-Application-Oct2021
BYU-Pathway Worldwide,BYU-Pathway Worldwide Overview,GERMAN CSM Application Oct2021.pdf,https://missionaries.prod.byu-pathway.psdops.com/GERMAN-CSM-Application-Oct2021
BYU-Pathway Worldwide,BYU-Pathway Worldwide Overview,Guidelines for Communicating with Students or Learners.pdf,https://missionaries.prod.byu-pathway.psdops.com/Guidelines-for-Communicating-with-Students-or-Learners
BYU-Pathway Worldwide,BYU-Pathway Worldwide Overview,How a Student Withdraws from a Program PC or EC3.pdf,https://missionaries.prod.byu-pathway.psdops.com/How-a-Student-Withdraws-from-a-Program-PC-or-EC3
BYU-Pathway Worldwide,BYU-Pathway Worldwide Overview,How Students Find Their Mentor.pdf,https://missionaries.prod.byu-pathway.psdops.com/How-Students-Find-Their-Mentor
BYU-Pathway Worldwide,BYU-Pathway Worldwide Overview,ITALIAN CSM Application Oct2021.pdf,https://missionaries.prod.byu-pathway.psdops.com/ITALIAN-CSM-Application-Oct2021
BYU-Pathway Worldwide,BYU-Pathway Worldwide Overview,Japanese CSM Application Oct2021.pdf,https://missionaries.prod.byu-pathway.psdops.com/Japanese-CSM-Application-Oct2021
BYU-Pathway Worldwide,BYU-Pathway Worldwide Overview,KOREAN CSM Application Oct2021.pdf,https://missionaries.prod.byu-pathway.psdops.com/KOREAN-CSM-Application-Oct2021
BYU-Pathway Worldwide,BYU-Pathway Worldwide Overview,Mission Statement.pdf,https://missionaries.prod.byu-pathway.psdops.com/Mission-Statement
BYU-Pathway Worldwide,BYU-Pathway Worldwide Overview,Navigate the Missionary Services Website on Desktop.pdf,https://missionaries.prod.byu-pathway.psdops.com/Navigate-the-Missionary-Services-Website-on-Desktop
BYU-Pathway Worldwide,BYU-Pathway Worldwide Overview,Navigate the Missionary Services Website on Mobile.pdf,https://missionaries.prod.byu-pathway.psdops.com/Navigate-the-Missionary-Services-Website-on-Mobile
BYU-Pathway Worldwide,BYU-Pathway Worldwide Overview,Peer Mentor Group Assignments.xlsx,https://missionaries.prod.byu-pathway.psdops.com/Peer-Mentor-Group-Assignments.xlsx
BYU-Pathway Worldwide,BYU-Pathway Worldwide Overview,Policy - Missionary Dress & Grooming policy.pdf,https://missionaries.prod.byu-pathway.psdops.com/Policy-Missionary-Dress-&-Grooming-policy
BYU-Pathway Worldwide,BYU-Pathway Worldwide Overview,Policy-PATH_Naming Convention for Groups.pdf,https://missionaries.prod.byu-pathway.psdops.com/Policy-PATH_Naming-Convention-for-Groups
BYU-Pathway Worldwide,BYU-Pathway Worldwide Overview,PORTUGUESE CSM Application Oct2021.pdf,https://missionaries.prod.byu-pathway.psdops.com/PORTUGUESE-CSM-Application-Oct2021
BYU-Pathway Worldwide,BYU-Pathway Worldwide Overview,Restrictions for Applying to BYUPW.pdf,https://missionaries.prod.byu-pathway.psdops.com/Restrictions-for-Applying-to-BYUPW
BYU-Pathway Worldwide,BYU-Pathway Worldwide Overview,RUSSIAN CSM Application Oct2021.pdf,https://missionaries.prod.byu-pathway.psdops.com/RUSSIAN-CSM-Application-Oct2021
BYU-Pathway Worldwide,BYU-Pathway Worldwide Overview,Scholarship Information.pdf,https://missionaries.prod.byu-pathway.psdops.com/Scholarship-Information
BYU-Pathway Worldwide,BYU-Pathway Worldwide Overview,Service Missionaries-2.pdf,https://missionaries.prod.byu-pathway.psdops.com/Service-Missionaries-2
BYU-Pathway Worldwide,BYU-Pathway Worldwide Overview,SPANISH CSM Application Oct2021.pdf,https://missionaries.prod.byu-pathway.psdops.com/SPANISH-CSM-Application-Oct2021
BYU-Pathway Worldwide,BYU-Pathway Worldwide Overview,TAGALOG CSM Application Oct2021.pdf,https://missionaries.prod.byu-pathway.psdops.com/TAGALOG-CSM-Application-Oct2021
BYU-Pathway Worldwide,BYU-Pathway Worldwide Overview,Three-Year Degree.pdf,https://missionaries.prod.byu-pathway.psdops.com/Three-Year-Degree
BYU-Pathway Worldwide,BYU-Pathway Worldwide Overview,Updating Group Information.pdf,https://missionaries.prod.byu-pathway.psdops.com/Updating-Group-Information
Canvas – Student Questions,Getting Started,Different Places for my Courses,https://resourcecenter.byupathway.org/different-places-for-my-courses
Canvas – Student Questions,Getting Started,Quick Start:  Using Canvas on a Web Browser,https://resourcecenter.byupathway.org/faqs/canvas/using-canvas-a-quick-start-guide
Canvas – Student Questions,Getting Started,Quick Start:  Using Canvas on the Mobile App,https://resourcecenter.byupathway.org/quick-start-using-canvas-on-mobile-app
Canvas – Student Questions,Getting Started,Using Canvas Quick Start Guide,https://content.byui.edu/file/c529b6cc-a70b-4a94-9872-01f35548d87d/117/Logging%20in%20to%20I-Learn%20and%20Getting%20Around%20–%20a%20Quick%20Start%20Guide.pdf
Canvas – Student Questions,Getting Started,What is Canvas?,https://resourcecenter.byupathway.org/what-is-canvas
Canvas – Student Questions,Communication,How do I contact a grader?,https://resourcecenter.byupathway.org/faqs/f03-01
Canvas – Student Questions,Communication,How do I read announcements in Canvas?,https://resourcecenter.byupathway.org/how-to-read-announcements-in-canvas
Canvas – Student Questions,Communication,How do I set up notifications in Canvas?,https://resourcecenter.byupathway.org/notification-set-up
Canvas – Student Questions,Communication,How do I use my Canvas Inbox?,https://resourcecenter.byupathway.org/faqs/f03-02
Canvas – Student Questions,Completing Work,How do I complete an assignment using Microsoft 365?,https://resourcecenter.byupathway.org/faqs/canvas/how-do-i-complete-an-assignment-using-microsoft-365
Canvas – Student Questions,Completing Work,How do I download an assignment template?,https://resourcecenter.byupathway.org/faqs/f02-03
Canvas – Student Questions,Completing Work,How do I participate in Discussions in Canvas?,https://resourcecenter.byupathway.edu/faqs/canvas/discussions-in-canvas
Canvas – Student Questions,Completing Work,How do I see important dates in Canvas?,https://resourcecenter.byupathway.org/how_to_see_important_dates_in_Canvas
Canvas – Student Questions,Completing Work,How do I sign in to Microsoft 365 on a Mobile Device?,https://resourcecenter.byupathway.org/how-to-sign-in-to-microsoft-365-on-mobile-device
Canvas – Student Questions,Completing Work,How do I submit an assignment in Canvas?,https://resourcecenter.byupathway.org/faqs/f02-04
Canvas – Student Questions,Grades and Feedback,How do I check what-if grades?,https://resourcecenter.byupathway.edu/faqs/canvas/how-do-i-check-what-if-grades
Canvas – Student Questions,Grades and Feedback,How do I find my feedback on Math Prep and Writing Prep quizzes?,https://resourcecenter.byupathway.org/faqs/f02-02
Canvas – Student Questions,Grades and Feedback,How do I find my grade and feedback on an assignment?,https://resourcecenter.byupathway.org/faqs/f02-01
Canvas – Student Questions,Settings,"How do I edit my photo, email, language, and time zone?",https://resourcecenter.byupathway.org/photo-email-language-time-zone
Canvas – Student Questions,Troubleshooting,Which Browsers Does Canvas Support,https://community.canvaslms.com/t5/Canvas-Basics-Guide/What-are-the-browser-and-computer-requirements-for-Instructure/ta-p/66
Certificates & Degrees,Application Process,Preferred Path (byupathway.edu),https://www.byupathway.edu/admissions/application-process#preferred-path:~:text=No%20ACT/SAT%20required%20for%20admission
Certificates & Degrees,Ecclesiastical Endorsements,3 Answers to Your Questions about Ecclesiastical Endorsement,https://www.byupathway.edu/articles/tips/ecclesiastical-endorsement
Certificates & Degrees,Ecclesiastical Endorsements,Ecclesiastical Endorsements.pdf,https://missionaries.prod.byu-pathway.psdops.com/Ecclesiastical-Endorsements
Certificates & Degrees,Online Degree General Information,Identify BYU-Pathway Portals.pdf,https://missionaries.prod.byu-pathway.psdops.com/Identify-BYU-Pathway-Portals
Certificates & Degrees,Online Degree General Information,Understanding Certificates Revised.pdf,https://missionaries.prod.byu-pathway.psdops.com/Understanding-Certificates-Revised
Certificates & Degrees,Three-Year Degree,Three-Year Degree Information for Current and Returning Students,https://www.byupathway.org/three-year-degree-information
EnglishConnect 3 (EC3),EnglishConnect 3,Access the Learner Platform.pdf,https://missionaries.prod.byu-pathway.psdops.com/Access-the-Learner-Platform
EnglishConnect 3 (EC3),EnglishConnect 3,Access the Learner Portal.pdf,https://missionaries.prod.byu-pathway.psdops.com/Access-the-Learner-Portal
EnglishConnect 3 (EC3),EnglishConnect 3,Access Your Learner Progress Report.pdf,https://missionaries.prod.byu-pathway.psdops.com/Access-Your-Learner-Progress-Report
EnglishConnect 3 (EC3),EnglishConnect 3,Accessing Your Learner List.pdf,https://missionaries.prod.byu-pathway.psdops.com/Accessing-Your-Learner-List
EnglishConnect 3 (EC3),EnglishConnect 3,Autodrop for EC3.pdf,https://missionaries.prod.byu-pathway.psdops.com/Autodrop-for-EC3
EnglishConnect 3 (EC3),EnglishConnect 3,Companion App Overview.pdf,https://missionaries.prod.byu-pathway.psdops.com/Companion-App-Overview
EnglishConnect 3 (EC3),EnglishConnect 3,Create an Online Community.pdf,https://missionaries.prod.byu-pathway.psdops.com/Create-an-Online-Community
EnglishConnect 3 (EC3),EnglishConnect 3,EC3 Application Walkthough.pdf,https://missionaries.prod.byu-pathway.psdops.com/EC3-Application-Walkthough
EnglishConnect 3 (EC3),EnglishConnect 3,EC3 Flyer for Service Missionaries_Chinese Traditional.pdf,https://missionaries.prod.byu-pathway.psdops.com/EC3-Flyer-for-Service-Missionaries_Chinese-Traditional
EnglishConnect 3 (EC3),EnglishConnect 3,EC3 Flyer for Service Missionaries_English.pdf,https://missionaries.prod.byu-pathway.psdops.com/EC3-Flyer-for-Service-Missionaries_English
EnglishConnect 3 (EC3),EnglishConnect 3,EC3 Flyer for Service Missionaries_French .pdf,https://missionaries.prod.byu-pathway.psdops.com/EC3-Flyer-for-Service-Missionaries_French
EnglishConnect 3 (EC3),EnglishConnect 3,EC3 Flyer for Service Missionaries_Portuguese.pdf,https://missionaries.prod.byu-pathway.psdops.com/EC3-Flyer-for-Service-Missionaries_Portuguese
EnglishConnect 3 (EC3),EnglishConnect 3,EC3 Flyer for Service Missionaries_Spanish.pdf,https://missionaries.prod.byu-pathway.psdops.com/EC3-Flyer-for-Service-Missionaries_Spanish
EnglishConnect 3 (EC3),EnglishConnect 3,EC3 Flyer for Service Missionaries_Ukrainian.pdf,https://missionaries.prod.byu-pathway.psdops.com/EC3-Flyer-for-Service-Missionaries_Ukrainian
EnglishConnect 3 (EC3),EnglishConnect 3,EC3 Frequently Asked Questions.pdf,https://missionaries.prod.byu-pathway.psdops.com/EC3-Frequently-Asked-Questions
EnglishConnect 3 (EC3),EnglishConnect 3,EC3 Gathering Procedures.pdf,https://missionaries.prod.byu-pathway.psdops.com/EC3-Gathering-Procedures
EnglishConnect 3 (EC3),EnglishConnect 3,EC3 Learner Portal Walkthrough.pdf,https://missionaries.prod.byu-pathway.psdops.com/EC3-Learner-Portal-Walkthrough
EnglishConnect 3 (EC3),EnglishConnect 3,EC3 Learner Profiles.pdf,https://missionaries.prod.byu-pathway.psdops.com/EC3-Learner-Profiles
EnglishConnect 3 (EC3),EnglishConnect 3,EC3 Participation and Completion Certificates.pdf,https://missionaries.prod.byu-pathway.psdops.com/EC3-Participation-and-Completion-Certificates
EnglishConnect 3 (EC3),EnglishConnect 3,EC3 Pre-Semester Gathering Agenda.pdf,https://missionaries.prod.byu-pathway.psdops.com/EC3-Pre-Semester-Gathering-Agenda
EnglishConnect 3 (EC3),EnglishConnect 3,EC3 Pre-Semester Gathering.pdf,https://missionaries.prod.byu-pathway.psdops.com/EC3-Pre-Semester-Gathering
EnglishConnect 3 (EC3),EnglishConnect 3,EC3 Re-enrollment.pdf,https://missionaries.prod.byu-pathway.psdops.com/EC3-Re-enrollment
EnglishConnect 3 (EC3),EnglishConnect 3,EC3 Virtual Gathering Best Practices.pdf,https://missionaries.prod.byu-pathway.psdops.com/EC3-Virtual-Gathering-Best-Practices
EnglishConnect 3 (EC3),EnglishConnect 3,English Connect 3 Video July 27.mp4,https://missionaries.prod.byu-pathway.psdops.com/English-Connect-3-Video-July-27.mp4
EnglishConnect 3 (EC3),EnglishConnect 3,EnglishConnect Academic Calendar.pdf,https://missionaries.prod.byu-pathway.psdops.com/EnglishConnect-Academic-Calendar
EnglishConnect 3 (EC3),EnglishConnect 3,EnglishConnect3 Common Terms.pdf,https://missionaries.prod.byu-pathway.psdops.com/EnglishConnect3-Common-Terms
EnglishConnect 3 (EC3),EnglishConnect 3,Facilitating a Virtual EC3 Gathering.pdf,https://missionaries.prod.byu-pathway.psdops.com/Facilitating-a-Virtual-EC3-Gathering
EnglishConnect 3 (EC3),EnglishConnect 3,Facilitating an In-Person EC3 Gathering.pdf,https://missionaries.prod.byu-pathway.psdops.com/Facilitating-an-In-Person-EC3-Gathering
EnglishConnect 3 (EC3),EnglishConnect 3,First Contact Messages for Learners.pdf,https://missionaries.prod.byu-pathway.psdops.com/First-Contact-Messages-for-Learners
EnglishConnect 3 (EC3),EnglishConnect 3,Guidelines for Gatherings with 11-17 yrs old.pdf,https://missionaries.prod.byu-pathway.psdops.com/Guidelines-for-Gatherings-with-11-17-yrs-old
EnglishConnect 3 (EC3),EnglishConnect 3,Help a Learner with Registration and Enrollment.pdf,https://missionaries.prod.byu-pathway.psdops.com/Help-a-Learner-with-Registration-and-Enrollment
EnglishConnect 3 (EC3),EnglishConnect 3,Help the Lead Learner.pdf,https://missionaries.prod.byu-pathway.psdops.com/Help-the-Lead-Learner
EnglishConnect 3 (EC3),EnglishConnect 3,How a Learner Applies for EnglishConnect 3.pdf,https://byu-pathway.brightspotcms.com/cms/content/edit.jsp?id=00000191-133d-db08-a3b9-1ffdadd50001&typeId=99ef42fa-b84a-3573-8e5b-015af8a5b9cf
EnglishConnect 3 (EC3),EnglishConnect 3,How Learners Withdraw.pdf,https://missionaries.prod.byu-pathway.psdops.com/How-Learners-Withdraw
EnglishConnect 3 (EC3),EnglishConnect 3,How to Issue an EC3 Certificate_.pdf,https://missionaries.prod.byu-pathway.psdops.com/How-to-Issue-an-EC3-Certificate_
EnglishConnect 3 (EC3),EnglishConnect 3,How to Issue an EnglishConnect 3 Certificate.pdf,https://missionaries.prod.byu-pathway.psdops.com/How-to-Issue-an-EnglishConnect-3-Certificate
EnglishConnect 3 (EC3),EnglishConnect 3,How to locate stakes and student information.pdf,https://missionaries.prod.byu-pathway.psdops.com/How-to-locate-stakes-and-student-information
EnglishConnect 3 (EC3),EnglishConnect 3,How to Pay Tuition for EC3.pdf,https://missionaries.prod.byu-pathway.psdops.com/How-to-Pay-Tuition-for-EC3
EnglishConnect 3 (EC3),EnglishConnect 3,Impersonate a Learner to Access.pdf,https://missionaries.prod.byu-pathway.psdops.com/Impersonate-a-Learner-to-Access
EnglishConnect 3 (EC3),EnglishConnect 3,Lead Learner Lesson Plan Overview.pdf,https://missionaries.prod.byu-pathway.psdops.com/Lead-Learner-Lesson-Plan-Overview
EnglishConnect 3 (EC3),EnglishConnect 3,Learning Platform Walkthrough.pdf,https://missionaries.prod.byu-pathway.psdops.com/Learning-Platform-Walkthrough
EnglishConnect 3 (EC3),EnglishConnect 3,Logging into PATH EC3.pdf,https://missionaries.prod.byu-pathway.psdops.com/Logging-into-PATH-EC3
EnglishConnect 3 (EC3),EnglishConnect 3,New Learner Visit.pdf,https://missionaries.prod.byu-pathway.psdops.com/New-Learner-Visit
EnglishConnect 3 (EC3),EnglishConnect 3,Overview of Location Details Page EC3.pdf,https://missionaries.prod.byu-pathway.psdops.com/Overview-of-Location-Details-Page-EC3
EnglishConnect 3 (EC3),EnglishConnect 3,Switching to EC3 PATH.pdf,https://missionaries.prod.byu-pathway.psdops.com/Switching-to-EC3-PATH
EnglishConnect 3 (EC3),EnglishConnect 3,Troubleshoot platform issues.pdf,https://missionaries.prod.byu-pathway.psdops.com/Troubleshoot-Platform-Issues
EnglishConnect 3 (EC3),EnglishConnect 3,Understand and Help Adult Learners Progress.pdf,https://missionaries.prod.byu-pathway.psdops.com/Understand-and-Help-Adult-Learners-Progress
EnglishConnect 3 (EC3),EnglishConnect 3,Updating Your Personal Information in PATH EC3.pdf,https://missionaries.prod.byu-pathway.psdops.com/Updating-Your-Personal-Information-in-PATH-EC3
EnglishConnect 3 (EC3),EnglishConnect 3,Your Role in the EC3 Gathering.pdf,https://missionaries.prod.byu-pathway.psdops.com/Your-Role-in-the-EC3-Gathering
Forms,,Student Wellness Help (Form),https://forms.office.com/Pages/ResponsePage.aspx?id=s-7mYddfqkquPGHo3rCbeRIoNMRhMxdFtcMsNT065pRUNUVMWFhXMzkwWUNEMjJEOVEzMzlMRzNYWi4u
Friends of the Church,,Give a BOM to friends of the church,https://www.churchofjesuschrist.org/study/manual/share-the-book-of-mormon-2024/01?lang=eng
Friends of the Church,,Help a Friend Connect with the Missionaries,https://www.churchofjesuschrist.org/serve/share/connect-with-missionaries?lang=eng
Gatherings,Gathering Training and Resources,Best Practices for Facilitating Virtual Gatherings.pdf,https://byu-pathway.brightspotcms.com/cms/content/edit.jsp?id=00000191-1346-de5b-a9f9-535eb8220001&typeId=99ef42fa-b84a-3573-8e5b-015af8a5b9cf
Gatherings,Gathering Training and Resources,Best Practices for Virtual Gatherings That Dont Feature Videoconferencing.pdf,https://missionaries.prod.byu-pathway.psdops.com/Best-Practices-for-Virtual-Gatherings-That-Dont-Feature-Videoconferencing
Gatherings,Gathering Training and Resources,Gathering Procedures (PathwayConnect).pdf,https://missionaries.prod.byu-pathway.psdops.com/Gathering-Procedures-PathwayConnect
Gatherings,Gathering Training and Resources,Gathering Procedures for Inviting Friends.pdf,https://missionaries.prod.byu-pathway.psdops.com/Gathering-Procedures-for-Inviting-Friends
Gatherings,Gathering Training and Resources,PathwayConnect Gathering Procedures.pdf,https://missionaries.prod.byu-pathway.psdops.com/PathwayConnect-Gathering-Procedures
Gatherings,Gathering Training and Resources,PC 102 Semester Project Overview.pdf,https://missionaries.prod.byu-pathway.psdops.com/PC-102-Semester-Project-Overview
Gatherings,Other Gathering Resources,Improving Your Role in the Gathering,https://office365lds.sharepoint.com/sites/BYUPW-MissionaryServices/SitePages/SHEP--Improving-Your-Role-in-the-gathering.aspx
Increasing Awareness,Increasing Awareness of PathwayConnect,BYU-Pathway in 30 Seconds.pdf,https://missionaries.prod.byu-pathway.psdops.com/BYU-Pathway-in-30-Seconds
Increasing Awareness,Increasing Awareness of PathwayConnect,BYU-Pathway in 7-10 Minutes.pdf,https://missionaries.prod.byu-pathway.psdops.com/BYU-Pathway-in-7-10-Minutes
Increasing Awareness,Increasing Awareness of PathwayConnect,BYUPW Interest List.pdf,https://missionaries.prod.byu-pathway.psdops.com/BYUPW-Interest-List
Increasing Awareness,Increasing Awareness of PathwayConnect,Domestic Quarter Sheets Any Student.pdf,https://missionaries.prod.byu-pathway.psdops.com/Domestic-Quarter-Sheets-Any-Student
Increasing Awareness,Increasing Awareness of PathwayConnect,Domestic Quarter Sheets- Better Job.pdf,https://missionaries.prod.byu-pathway.psdops.com/Domestic-Quarter-Sheets-Better-Job
Increasing Awareness,Increasing Awareness of PathwayConnect,Domestic Quarter Sheets- fresh start.pdf,https://missionaries.prod.byu-pathway.psdops.com/Domestic-Quarter-Sheets-fresh-start
Increasing Awareness,Increasing Awareness of PathwayConnect,Domestic Quarter Sheets-Everyone-can-access-higher-education.pdf,https://missionaries.prod.byu-pathway.psdops.com/Domestic-Quarter-Sheets-Everyone-can-access-higher-education
Increasing Awareness,Increasing Awareness of PathwayConnect,Elders Quorom and Relief Society Presentations.pdf,https://missionaries.prod.byu-pathway.psdops.com/Elders-Quorom-and-Relief-Society-Presentations
Increasing Awareness,Increasing Awareness of PathwayConnect,Email All Adult Members.pdf,https://missionaries.prod.byu-pathway.psdops.com/Email-All-Adult-Members
Increasing Awareness,Increasing Awareness of PathwayConnect,Employment and Self-Reliance Fair.pdf,https://missionaries.prod.byu-pathway.psdops.com/Employment-and-Self-Reliance-Fair
Increasing Awareness,Increasing Awareness of PathwayConnect,Explaining BYUPW to Potential Students.pdf,https://missionaries.prod.byu-pathway.psdops.com/Explaining-BYUPW-to-Potential-Students
Increasing Awareness,Increasing Awareness of PathwayConnect,Firesides and Devotionals.pdf,https://missionaries.prod.byu-pathway.psdops.com/Firesides-and-Devotionals
Increasing Awareness,Increasing Awareness of PathwayConnect,Informe en Fuentes de recursos para líderes y secretarios de la Iglesia.pdf,https://missionaries.prod.byu-pathway.psdops.com/Informe-en-Fuentes-de-recursos-para-líderes-y-secretarios-de-la-Iglesia
Increasing Awareness,Increasing Awareness of PathwayConnect,Institutional Handout.pdf .pdf,https://missionaries.prod.byu-pathway.psdops.com/Institutional-Handout-
Increasing Awareness,Increasing Awareness of PathwayConnect,institutional-brochure-bi-fold-pdf.pdf,https://missionaries.prod.byu-pathway.psdops.com/institutional-brochure-bi-fold-pdf
Increasing Awareness,Increasing Awareness of PathwayConnect,Inviting Friends of the Church (No Nonmembers in Group).pdf,https://missionaries.prod.byu-pathway.psdops.com/Inviting-Friends-of-the-Church-No-Nonmembers-in-Group
Increasing Awareness,Increasing Awareness of PathwayConnect,Inviting Friends of the Church (Nonmembers in Group).pdf,https://missionaries.prod.byu-pathway.psdops.com/Inviting-Friends-of-the-Church-Nonmembers-in-Group
Increasing Awareness,Increasing Awareness of PathwayConnect,Inviting Friends Who Are Not Members.pdf,https://missionaries.prod.byu-pathway.psdops.com/Inviting-Friends-Who-Are-Not-Members
Increasing Awareness,Increasing Awareness of PathwayConnect,Leader and Clerk Resources Report for Church Leaders.pdf,https://missionaries.prod.byu-pathway.psdops.com/Leader-and-Clerk-Resources-Report-for-Church-Leaders
Increasing Awareness,Increasing Awareness of PathwayConnect,Ministering Through Education.pdf,https://missionaries.prod.byu-pathway.psdops.com/Ministering-Through-Education
Increasing Awareness,Increasing Awareness of PathwayConnect,Presenting at Ward and Stake Council.pdf,https://missionaries.prod.byu-pathway.psdops.com/Presenting-at-Ward-and-Stake-Council
Increasing Awareness,Increasing Awareness of PathwayConnect,Sacrament Meeting Talks.pdf,https://missionaries.prod.byu-pathway.psdops.com/Sacrament-Meeting-Talks
Increasing Awareness,Increasing Awareness of PathwayConnect,"Scriptures, Quotes, and Talks About Education.pdf",https://missionaries.prod.byu-pathway.psdops.com/Scriptures-Quotes-and-Talks-About-Education
Increasing Awareness,Increasing Awareness of PathwayConnect,Second Hour Presentation.pdf,https://missionaries.prod.byu-pathway.psdops.com/Second-Hour-Presentation
Increasing Awareness,Increasing Awareness of PathwayConnect,Stake Bishop Council Meeting.pdf,https://missionaries.prod.byu-pathway.psdops.com/Stake-Bishop-Council-Meeting
Increasing Awareness,Increasing Awareness of PathwayConnect,Sunday Visits with Language Wards.pdf,https://missionaries.prod.byu-pathway.psdops.com/Sunday-Visits-with-Language-Wards
Increasing Awareness,Increasing Awareness of PathwayConnect,Sunday Visits with Wards and Stakes.pdf,https://missionaries.prod.byu-pathway.psdops.com/Sunday-Visits-with-Wards-and-Stakes
Increasing Awareness,Increasing Awareness of PathwayConnect,Ward Bulletin Announcement.pdf,https://missionaries.prod.byu-pathway.psdops.com/Ward-Bulletin-Announcement
Institute/Religion,,Check for Institute Registration for College Credit.pdf,https://missionaries.prod.byu-pathway.psdops.com/institute-for-college-credit
Institute/Religion,,Institute - Religion course requirements for PathwayConnect Students,https://www.byupathway.edu/policies/catalog/7-01-institute-religion-course-requirements
Missionary Processes,When you are finished with your PathwayConnect Service,International CSM SSM Application Process.pdf,https://missionaries.prod.byu-pathway.psdops.com/International-CSM-SSM-Application-Process
Missionary Processes,When you are finished with your PathwayConnect Service,International CSM SSM Application Process Feb2022 Int Application and Extension.pdf,https://missionaries.prod.byu-pathway.psdops.com/International-CSM-SSM-Application-Process-Feb2022-Int-Application-and-Extension
Software Systems,Troubleshooting,Check to See if a BYU-Pathway Worldwide System is Down,https://office365lds.sharepoint.com/sites/BYU-PathwayTechnicalSupport/SitePages/System-Status.aspx?xsdata=MDV8MDJ8ZWR3YXJkc3JpY2tpZUBieXVwYXRod2F5Lm9yZ3w1YWFlYjFhNDllOTY0MzZkNTE3MzA4ZGM2Zjg3OGY2OHw2MWU2ZWViMzVmZDc0YWFhYWUzYzYxZThkZWIwOWI3OXwwfDB8NjM4NTA3ODc1MjE5Nzg2NDg1fFVua25vd258VFdGcGJHWnNiM2Q4ZXlKV0lqb2lNQzR3TGpBd01EQWlMQ0pRSWpvaVYybHVNeklpTENKQlRpSTZJazFoYVd3aUxDSlhWQ0k2TW4wPXwwfHx8&sdata=QnlHMGZ5SXd5enNYRUM3bktoa0lNZ0Z3VE84Yk9EK0hhYmhLakM5aXVhcz0%3D&CT=1715195813843&OR=OWA-NT-Mail&CID=a0a1c942-2326-f38f-5387-ba456eb48a6a&clickParams=eyJYLUFwcE5hbWUiOiJNaWNyb3NvZnQgT3V0bG9vayBXZWIgQXBwIiwiWC1BcHBWZXJzaW9uIjoiMjAyNDA0MTkwMDcuMzUiLCJPUyI6Ik1hYyBPUyBYIHVuZGVmaW5lZCJ9
PathwayConnect (PC),PathwayConnect General Information,About New Student Visits.pdf,https://missionaries.prod.byu-pathway.psdops.com/About-New-Student-Visits
PathwayConnect (PC),PathwayConnect General Information,Academic Planning Tools for PC.pdf,https://missionaries.prod.byu-pathway.psdops.com/Academic-Planning-Tools-for-PC
PathwayConnect (PC),PathwayConnect General Information,Academic Planning Tools.pdf,https://missionaries.prod.byu-pathway.psdops.com/Academic-Planning-Tools
PathwayConnect (PC),PathwayConnect General Information,Auto-drop.pdf,https://missionaries.prod.byu-pathway.psdops.com/Auto-drop
PathwayConnect (PC),PathwayConnect General Information,Best Practices for an In-Person Gathering.pdf,https://missionaries.prod.byu-pathway.psdops.com/Best-Practices-for-an-In-Person-Gathering
PathwayConnect (PC),PathwayConnect General Information,Block and Instructional TeaFAQ.pdf,https://missionaries.prod.byu-pathway.psdops.com/Block-and-Instructional-TeaFAQ
PathwayConnect (PC),PathwayConnect General Information,Calculate a Students GPA.pdf,https://missionaries.prod.byu-pathway.psdops.com/Calculate-a-Students-GPA
PathwayConnect (PC),PathwayConnect General Information,Course Preview Overview.pdf,https://missionaries.prod.byu-pathway.psdops.com/Course-Preview-Overview
PathwayConnect (PC),PathwayConnect General Information,Explain Auto-drop to Students for PC.pdf,https://missionaries.prod.byu-pathway.psdops.com/Explain-Auto-drop-to-Students-for-PC
PathwayConnect (PC),PathwayConnect General Information,Explain the Block Schedule.pdf,https://missionaries.prod.byu-pathway.psdops.com/Explain-the-Block-Schedule
PathwayConnect (PC),PathwayConnect General Information,Forming Team Project Groups for PC 102.pdf,https://missionaries.prod.byu-pathway.psdops.com/Forming-Team-Project-Groups-for-PC-102
PathwayConnect (PC),PathwayConnect General Information,How Students Choose Their Certificate.pdf,https://missionaries.prod.byu-pathway.psdops.com/How-Students-Choose-Their-Certificate
PathwayConnect (PC),PathwayConnect General Information,How Students Print Their Certificate of Completion.pdf,https://missionaries.prod.byu-pathway.psdops.com/How-Students-Print-Their-Certificate-of-Completion
PathwayConnect (PC),PathwayConnect General Information,How Students Repeat Courses.pdf,https://missionaries.prod.byu-pathway.psdops.com/How-Students-Repeat-Courses
PathwayConnect (PC),PathwayConnect General Information,Ideas if a lead student doesn't show.pdf,https://missionaries.prod.byu-pathway.psdops.com/Ideas-if-a-lead-student-doesn't-show
PathwayConnect (PC),PathwayConnect General Information,Instructional Teams.pdf,https://missionaries.prod.byu-pathway.psdops.com/Instructional-Teams
PathwayConnect (PC),PathwayConnect General Information,Learn About PC 101.pdf,https://missionaries.prod.byu-pathway.psdops.com/Learn-About-PC-101
PathwayConnect (PC),PathwayConnect General Information,Learn About PC 102.pdf,https://missionaries.prod.byu-pathway.psdops.com/Learn-About-PC-102
PathwayConnect (PC),PathwayConnect General Information,Learn About PC 103.pdf,https://missionaries.prod.byu-pathway.psdops.com/Learn-About-PC-103
PathwayConnect (PC),PathwayConnect General Information,Navigating the Student Portal.pdf,https://missionaries.prod.byu-pathway.psdops.com/navigating-the-student-portal
PathwayConnect (PC),PathwayConnect General Information,New Student Orientation/New Student Checklist,https://www.byupathway.edu/new-student-orientation-pathwayconnect?pk_campaign=NSU&pk_kwd=-4.2&pk_source=email&pk_medium=26-03-2024&pk_content=03
PathwayConnect (PC),PathwayConnect General Information,New Student Visits - Tracker.pdf,https://missionaries.prod.byu-pathway.psdops.com/New-Student-Visits-Tracker
PathwayConnect (PC),PathwayConnect General Information,New Student Visits.pdf,https://missionaries.prod.byu-pathway.psdops.com/New-Student-Visits
PathwayConnect (PC),PathwayConnect General Information,PathwayConnect Common Terms.pdf,https://missionaries.prod.byu-pathway.psdops.com/PathwayConnect-Common-Terms
PathwayConnect (PC),PathwayConnect General Information,PC 101 Block Lead Student Sign-Up Sheet.pdf,https://missionaries.prod.byu-pathway.psdops.com/PC-101-Block-Lead-Student-Sign-Up-Sheet
PathwayConnect (PC),PathwayConnect General Information,PC 103 Block LS Sign-Up Sheet Fillable.pdf,https://missionaries.prod.byu-pathway.psdops.com/PC-103-Block-LS-Sign-Up-Sheet-Fillable
PathwayConnect (PC),PathwayConnect General Information,PC Application Process.pdf,https://missionaries.prod.byu-pathway.psdops.com/PC-Application-Process
PathwayConnect (PC),PathwayConnect General Information,PC Application Walkthrough.pdf,https://missionaries.prod.byu-pathway.psdops.com/PC-Application-Walkthrough
PathwayConnect (PC),PathwayConnect General Information,Playing Hymns in a Virtual Gathering.pdf,https://missionaries.prod.byu-pathway.psdops.com/Playing-Hymns-in-a-Virtual-Gathering
PathwayConnect (PC),PathwayConnect General Information,Shepherding Team Project Groups.pdf,https://missionaries.prod.byu-pathway.psdops.com/Shepherding-Team-Project-Groups
PathwayConnect (PC),PathwayConnect General Information,Students Visiting Another Gathering.pdf,https://missionaries.prod.byu-pathway.psdops.com/Students-Visiting-Another-Gathering
Scholarships & Tuition Discounts,Scholarships Available to Students,Scholarships for PathwayConnect.pdf,https://missionaries.prod.byu-pathway.psdops.com/Scholarships-for-PathwayConnect
Shepherding / Ministering,,BYU-Idaho Tutoring Services.pdf,https://missionaries.prod.byu-pathway.psdops.com/BYU-Idaho-Tutoring-Services
Shepherding / Ministering,,Create a Church Account for Friends of the Church.pdf,https://missionaries.prod.byu-pathway.psdops.com/Create-a-Church-Account-for-Friends-of-the-Church
Shepherding / Ministering,,Evaluating Your Gathering.pdf,https://missionaries.prod.byu-pathway.psdops.com/Evaluating-Your-Gathering
Shepherding / Ministering,,Explain Gospel Resources.pdf,https://missionaries.prod.byu-pathway.psdops.com/Explain-Gospel-Resources
Shepherding / Ministering,,Helping Students Overcome Obstacles.pdf,https://missionaries.prod.byu-pathway.psdops.com/Helping-Students-Overcome-Obstacles
Shepherding / Ministering,,Helping Students Register for Next Term.pdf,https://missionaries.prod.byu-pathway.psdops.com/Helping-Students-Register-for-Next-Term
Shepherding / Ministering,,Helping Students Select a Certificate.pdf,https://missionaries.prod.byu-pathway.psdops.com/Helping-Students-Select-a-Certificate
Shepherding / Ministering,,How a Student Changes Their Church Account Name.pdf,https://missionaries.prod.byu-pathway.psdops.com/How-a-Student-Changes-Their-Church-Account-Name
Shepherding / Ministering,,How Students Update Personal Information in Their Portal.pdf,https://missionaries.prod.byu-pathway.psdops.com/How-Students-Update-Personal-Information-in-Their-Portal
Shepherding / Ministering,,Improving Your Shepherding.pdf,https://missionaries.prod.byu-pathway.psdops.com/Improving-Your-Shepherding
Shepherding / Ministering,,Keep the Spirit in the Gathering.pdf,https://missionaries.prod.byu-pathway.psdops.com/Keep-the-Spirit-in-the-Gathering
Shepherding / Ministering,,Looking Out For The Hidden Crisis.pdf,https://missionaries.prod.byu-pathway.psdops.com/Looking-Out-For-The-Hidden-Crisis
Shepherding / Ministering,,Missionary Student in Crisis Escalation Policy.pdf,https://missionaries.prod.byu-pathway.psdops.com/Missionary-Student-in-Crisis-Escalation-Policy
Shepherding / Ministering,,New Student New Missionary.pdf,https://missionaries.prod.byu-pathway.psdops.com/New-Student-New-Missionary
Shepherding / Ministering,,New Student Visit Instructions.pdf,https://missionaries.prod.byu-pathway.psdops.com/New-Student-Visit-Instructions
Shepherding / Ministering,,Providing Christlike Feedback.pdf,https://missionaries.prod.byu-pathway.psdops.com/Providing-Christlike-Feedback
Shepherding / Ministering,,Resources for New and Continuing Students.png,https://missionaries.prod.byu-pathway.psdops.com/Resources-for-New-and-Continuing-Students.png
Shepherding / Ministering,,SHEP - Building a Community of Friendship.pdf,https://missionaries.prod.byu-pathway.psdops.com/SHEP-Building-a-Community-of-Friendship
Shepherding / Ministering,,SHEP - Lending Money to Students.pdf,https://missionaries.prod.byu-pathway.psdops.com/SHEP-Lending-Money-to-Students
Shepherding / Ministering,,Shepherd with Charity.pdf,https://missionaries.prod.byu-pathway.psdops.com/Shepherd-with-Charity
Shepherding / Ministering,,Student Issue Escalate Process.pdf,https://missionaries.prod.byu-pathway.psdops.com/student-issues-escalate-process
Shepherding / Ministering,,Support Options for Students.pdf,https://missionaries.prod.byu-pathway.psdops.com/SupportOptionsforStudents
Shepherding / Ministering,,Support Students with Disabilities.pdf,https://missionaries.prod.byu-pathway.psdops.com/Support-Students-with-Disabilities
Shepherding / Ministering,,"The 3 P's Purpose, Power, & Plan.pdf","https://missionaries.prod.byu-pathway.psdops.com/The-3-P's-Purpose,-Power,-&-Plan"
Shepherding / Ministering,,Using BYUPW Support Knowledge Articles.pdf,https://missionaries.prod.byu-pathway.psdops.com/Using-BYUPW-Support-Knowledge-Articles
Student/Learner Portal,,Learning Platform Walkthrough,https://missionaries.prod.byu-pathway.psdops.com/Learning-Platform-Walkthrough
Student Software & Uses,"Student Helps, Needs & Information",Delayed Access to Microsoft Office Suite Download.pdf,https://missionaries.prod.byu-pathway.psdops.com/Delayed-Access-to-Microsoft-Office-Suite-Download
Student Software & Uses,"Student Helps, Needs & Information","Hardware and Software in PC 101, 102, and 103.pdf","https://missionaries.prod.byu-pathway.psdops.com/Hardware-and-Software-in-PC-101,-102,-and-103"
Webinars and Special Training,,Flier Webinar US Canada Missionaries Fall 2021.pdf,https://missionaries.prod.byu-pathway.psdops.com/Flier-Webinar-US-Canada-Missionaries-Fall-2021
Webinars and Special Training,,Webinar Domesitic August 8 (English).pdf,https://missionaries.prod.byu-pathway.psdops.com/Webinar-Domesitic-August-8-(English)
Webinars and Special Training,,Webinar Domestic Agosto 8 (Spanish).pdf,https://missionaries.prod.byu-pathway.psdops.com/Webinar-Domestic-Agosto-8-(Spanish)
Webinars and Special Training,,Webinar Domestic August 15 (YSA).pdf,https://missionaries.prod.byu-pathway.psdops.com/Webinar-Domestic-August-15-(YSA)
Webinars and Special Training,,Webinar Domestic August 22 (English).pdf,https://missionaries.prod.byu-pathway.psdops.com/Webinar-Domestic-August-22-(English)
WhatsApp,,Downloading WhatsApp to a Computer.pdf,https://missionaries.prod.byu-pathway.psdops.com/Downloading-WhatsApp-to-a-Computer
Zoom,Zoom Accounts for Missionaries,Activate Your New Zoom Account.pdf,https://missionaries.prod.byu-pathway.psdops.com/Activate-Your-New-Zoom-Account
Zoom,Zoom Accounts for Missionaries,Download and Install Zoom for Mac.pdf,https://missionaries.prod.byu-pathway.psdops.com/Download-and-Install-Zoom-for-Mac
Zoom,Zoom Accounts for Missionaries,Download and Install Zoom for PC.pdf,https://missionaries.prod.byu-pathway.psdops.com/Download-and-Install-Zoom-for-PC
Zoom,Zoom Accounts for Missionaries,Mac Zoom Installation.pdf,https://missionaries.prod.byu-pathway.psdops.com/Mac-Zoom-Installation
Zoom,Zoom Accounts for Missionaries,Merge Your Zoom Account.pdf,https://missionaries.prod.byu-pathway.psdops.com/Merge-Your-Zoom-Account
Zoom,How Missionaries are to Use Zoom,Log in to the Zoom Website.pdf,https://missionaries.prod.byu-pathway.psdops.com/Log-in-to-the-Zoom-Website
Zoom,How Missionaries are to Use Zoom,Opening Your Zoom Room.pdf,https://missionaries.prod.byu-pathway.psdops.com/Opening-Your-Zoom-Room
Zoom,Zoom Policies and Usage for Missionaries,Using Your Zoom Room During the Week.pdf,https://missionaries.prod.byu-pathway.psdops.com/Using-Your-Zoom-Room-During-the-Week
Zoom,Zoom and Devices,Tips for Zoom on a Mobile App.pdf,https://missionaries.prod.byu-pathway.psdops.com/Tips-for-Zoom-on-a-Mobile-App
Zoom,Breakout Rooms,Breakout Room Basics.pdf,https://missionaries.prod.byu-pathway.psdops.com/Breakout-Room-Basics
Zoom,Breakout Rooms,Breakout Rooms - Manual Creation.pdf,https://missionaries.prod.byu-pathway.psdops.com/Breakout-Room-Manual-Creation
Zoom,Breakout Rooms,Communicate to All Breakout Rooms.pdf,https://missionaries.prod.byu-pathway.psdops.com/Communicate-to-All-Breakout-Rooms
Zoom,Share Screen,Share Audio and Video.pdf,https://missionaries.prod.byu-pathway.psdops.com/Share-Audio-and-Video
Zoom,Share Screen,Share Multiple Screens.pdf,https://missionaries.prod.byu-pathway.psdops.com/Share-Multiple-Screens
Zoom,Share Screen,Share Screen to All Breakout Rooms.pdf,https://missionaries.prod.byu-pathway.psdops.com/Share-Screen-to-All-Breakout-Rooms
Zoom,Share Screen,Share Your Screen in Zoom.pdf,https://missionaries.prod.byu-pathway.psdops.com/Share-Your-Screen-in-Zoom
Zoom,Host,Claim Host When Substituting.pdf,https://missionaries.prod.byu-pathway.psdops.com/Claim-Host-When-Substituting
Zoom,Host,Assigning a Host During a Gathering.pdf,https://missionaries.prod.byu-pathway.psdops.com/Assigning-a-Host-During-a-Gathering
Zoom,Host Key,Finding or Updating Your Host Key.pdf,https://missionaries.prod.byu-pathway.psdops.com/Finding-or-Updating-Your-Host-Key
Zoom,Co-Host,Assigning a Cohost.pdf,https://missionaries.prod.byu-pathway.psdops.com/Assigning-a-Cohost
Zoom,Chat,Chat.pdf,https://missionaries.prod.byu-pathway.psdops.com/Chat
Zoom,Update Zoom Software,Checking for Updates.pdf,https://missionaries.prod.byu-pathway.psdops.com/Checking-for-Updates
Zoom,Update Zoom Software,Updating Your Profile Settings.pdf,https://missionaries.prod.byu-pathway.psdops.com/Updating-Your-Profile-Settings
Zoom,Update Zoom Software,Updating Your Zoom Room Passcode.pdf,https://missionaries.prod.byu-pathway.psdops.com/Updating-Your-Zoom-Room-Passcode
Zoom,Joining a Zoom Meeting,How Students Access Your Zoom Room.pdf,https://missionaries.prod.byu-pathway.psdops.com/How-Students-Access-Your-Zoom-Room
Zoom,Joining a Zoom Meeting,Joining A Zoom Meeting.pdf,https://missionaries.prod.byu-pathway.psdops.com/Joining-A-Zoom-Meeting
Zoom,Joining a Zoom Meeting,Zoom Find and Share Your Zoom Room Link.pdf,https://missionaries.prod.byu-pathway.psdops.com/Zoom-Find-and-Share-Link
Zoom,Zoom Room Views,Gallery and Speaker View.pdf,https://missionaries.prod.byu-pathway.psdops.com/Gallery-and-Speaker-View
Zoom,Zoom Features,How to Show Participant Names.pdf,https://missionaries.prod.byu-pathway.psdops.com/How-to-Show-Participant-Names
Zoom,Zoom Features,Learn the Basic Features of Zoom.pdf,https://missionaries.prod.byu-pathway.psdops.com/Learn-the-Basic-Features-of-Zoom
Zoom,Zoom Features,Zoom-Feature-Overview.pdf,https://missionaries.prod.byu-pathway.psdops.com/Zoom-Feature-Overview
Zoom,Whiteboards,Sharing a Whiteboard.pdf,https://missionaries.prod.byu-pathway.psdops.com/Sharing-a-Whiteboard
Zoom,Whiteboards,Zoom Online Whiteboards.pdf,https://missionaries.prod.byu-pathway.psdops.com/Zoom-Online-Whiteboards
Zoom,Record,Policy - Zoom Recordings.pdf,https://missionaries.prod.byu-pathway.psdops.com/Policy-Zoom-Recordings
Zoom,Security,Security.pdf,https://missionaries.prod.byu-pathway.psdops.com/Security
Zoom,Video Settings,Video Settings.pdf,https://missionaries.prod.byu-pathway.psdops.com/Video-Settings
