Heading,Subheading,Title,URL,Filepath,Content Type,Content Hash
BYU-Pathway Worldwide,BYU-Pathway Worldwide Overview,Peer Mentor Group Assignments.xlsx,https://missionaries.prod.byu-pathway.psdops.com/Peer-Mentor-Group-Assignments.xlsx,./data/others/Peer-Mentor-Group-Assignmentsxlsx.vnd.openxmlformats-officedocument.spreadsheetml.sheet,vnd.openxmlformats-officedocument.spreadsheetml.sheet,8f72a5ed90d49870067947277a4f27f4672d28174b93f6b0f11fc84c6a495cc5
Canvas – Student Questions,Grades and Feedback,How do I check what-if grades?,https://resourcecenter.byupathway.edu/faqs/canvas/how-do-i-check-what-if-grades,./data/html/How-do-I-check-what-if-grades.html,html,3db709ca388ae284866c20ad9148d60bbc178ed7a833d497c4a45ff43577507e
EnglishConnect 3 (EC3),EnglishConnect 3,English Connect 3 Video July 27.mp4,https://missionaries.prod.byu-pathway.psdops.com/English-Connect-3-Video-July-27.mp4,./data/others/English-Connect--Video-July-mp.mp4,mp4,30098f82520c7cf569be75cd6f8673b933203e5a13713ddd8928ca8e2e20f346
Friends of the Church,,Give a BOM to friends of the church,https://www.churchofjesuschrist.org/study/manual/share-the-book-of-mormon-2024/01?lang=eng,./data/html/Give-a-BOM-to-friends-of-the-church.html,html,03266ecf7acb69ffd8dfe2e9b23d6b68b3455083cf28094e7194487c3bff1790
Friends of the Church,,Help a Friend Connect with the Missionaries,https://www.churchofjesuschrist.org/serve/share/connect-with-missionaries?lang=eng,./data/html/Help-a-Friend-Connect-with-the-Missionaries.html,html,3bcca84c1482b8e5e837581ea06ae9090c56d516309687855a5fdd5fe2e6882e
Gatherings,Gathering Training and Resources,Best Practices for Facilitating Virtual Gatherings.pdf,https://byu-pathway.brightspotcms.com/cms/content/edit.jsp?id=00000191-1346-de5b-a9f9-535eb8220001&typeId=99ef42fa-b84a-3573-8e5b-015af8a5b9cf,./data/html/Best-Practices-for-Facilitating-Virtual-Gatheringspdf.html,html,f0164eb7aeb7a8ea06b66e02376a3aac9738a9366c246ae8f40468da67de9068
Gatherings,Gathering Training and Resources,Best Practices for Virtual Gatherings That Dont Feature Videoconferencing.pdf,https://missionaries.prod.byu-pathway.psdops.com/Best-Practices-for-Virtual-Gatherings-That-Dont-Feature-Videoconferencing,./data/pdf/Best-Practices-for-Virtual-Gatherings-That-Dont-Feature-Videoconferencingpdf.pdf,pdf,3dd6e5e62c55ba9fcf696defb4f6e6b45a10bdb9f0897070b3cef84b167aedb6
Gatherings,Gathering Training and Resources,Gathering Procedures (PathwayConnect).pdf,https://missionaries.prod.byu-pathway.psdops.com/Gathering-Procedures-PathwayConnect,./data/pdf/Gathering-Procedures-PathwayConnectpdf.pdf,pdf,7207b55cea6506ff18785cfb8368585d9eb4239ff18eabe9cd304df43fbe9fad
Gatherings,Gathering Training and Resources,Gathering Procedures for Inviting Friends.pdf,https://missionaries.prod.byu-pathway.psdops.com/Gathering-Procedures-for-Inviting-Friends,./data/pdf/Gathering-Procedures-for-Inviting-Friendspdf.pdf,pdf,9e3b2661d20a799c957186a93a65898bc7d4130588a80a3467a10ed1700fce35
Gatherings,Gathering Training and Resources,PathwayConnect Gathering Procedures.pdf,https://missionaries.prod.byu-pathway.psdops.com/PathwayConnect-Gathering-Procedures,./data/pdf/PathwayConnect-Gathering-Procedurespdf.pdf,pdf,7513badab852290379ed0b6fbec51ace5f4c5648920a6459b109b4ea3fbdd298
Gatherings,Gathering Training and Resources,PC 102 Semester Project Overview.pdf,https://missionaries.prod.byu-pathway.psdops.com/PC-102-Semester-Project-Overview,./data/pdf/PC--Semester-Project-Overviewpdf.pdf,pdf,80d74ce3f20647a4394d194873e329129c1834d25788d93148a99bbdca282b7e
Gatherings,Other Gathering Resources,Improving Your Role in the Gathering,https://office365lds.sharepoint.com/sites/BYUPW-MissionaryServices/SitePages/SHEP--Improving-Your-Role-in-the-gathering.aspx,403 Client Error: Forbidden for url: https://office365lds.sharepoint.com/sites/BYUPW-MissionaryServices/SitePages/SHEP--Improving-Your-Role-in-the-gathering.aspx,403,
Increasing Awareness,Increasing Awareness of PathwayConnect,BYU-Pathway in 30 Seconds.pdf,https://missionaries.prod.byu-pathway.psdops.com/BYU-Pathway-in-30-Seconds,./data/pdf/BYU-Pathway-in--Secondspdf.pdf,pdf,c71449f7fe8e62edc4ba3ac00a8f87555344d233b560ec4394845973142f8d08
Increasing Awareness,Increasing Awareness of PathwayConnect,BYU-Pathway in 7-10 Minutes.pdf,https://missionaries.prod.byu-pathway.psdops.com/BYU-Pathway-in-7-10-Minutes,./data/pdf/BYU-Pathway-in---Minutespdf.pdf,pdf,6dd1cb9df0d5bd19c3dc8e263f82fccb635c4e2688a9f3a16917ea58b0f35bed
Increasing Awareness,Increasing Awareness of PathwayConnect,BYUPW Interest List.pdf,https://missionaries.prod.byu-pathway.psdops.com/BYUPW-Interest-List,./data/pdf/BYUPW-Interest-Listpdf.pdf,pdf,e1bd23e8d13ecab93a36556ad5ead593e212e5a0510d1ae5e4f4dc65f3ae917f
Increasing Awareness,Increasing Awareness of PathwayConnect,Domestic Quarter Sheets Any Student.pdf,https://missionaries.prod.byu-pathway.psdops.com/Domestic-Quarter-Sheets-Any-Student,./data/pdf/Domestic-Quarter-Sheets-Any-Studentpdf.pdf,pdf,aa660eb3161d175e008bfa9d7a12f485c018a2e5add60de9fcaada8678e33025
Increasing Awareness,Increasing Awareness of PathwayConnect,Domestic Quarter Sheets- Better Job.pdf,https://missionaries.prod.byu-pathway.psdops.com/Domestic-Quarter-Sheets-Better-Job,./data/pdf/Domestic-Quarter-Sheets--Better-Jobpdf.pdf,pdf,bcbf5446ae5acd2c7706a4bde62c2b57e2e68fa942daa4d526c27d498777ba3c
Increasing Awareness,Increasing Awareness of PathwayConnect,Domestic Quarter Sheets- fresh start.pdf,https://missionaries.prod.byu-pathway.psdops.com/Domestic-Quarter-Sheets-fresh-start,./data/pdf/Domestic-Quarter-Sheets--fresh-startpdf.pdf,pdf,c14e0c7d438688c47df41ebba9aede873d94ad3cd533f47fb305bde08e41be4d
Increasing Awareness,Increasing Awareness of PathwayConnect,Domestic Quarter Sheets-Everyone-can-access-higher-education.pdf,https://missionaries.prod.byu-pathway.psdops.com/Domestic-Quarter-Sheets-Everyone-can-access-higher-education,./data/pdf/Domestic-Quarter-Sheets-Everyone-can-access-higher-educationpdf.pdf,pdf,2940338e9ad78537c136b3f2c508f6282d44a6778574297c3ed33a0f63f5385d
Increasing Awareness,Increasing Awareness of PathwayConnect,Elders Quorom and Relief Society Presentations.pdf,https://missionaries.prod.byu-pathway.psdops.com/Elders-Quorom-and-Relief-Society-Presentations,./data/pdf/Elders-Quorom-and-Relief-Society-Presentationspdf.pdf,pdf,713bec8bdbc3bf4ebdb2693c95c8c62b170a593cfe97392e7be4e582739a3d4e
Increasing Awareness,Increasing Awareness of PathwayConnect,Email All Adult Members.pdf,https://missionaries.prod.byu-pathway.psdops.com/Email-All-Adult-Members,./data/pdf/Email-All-Adult-Memberspdf.pdf,pdf,60aef1c1df818472f806c2ec8847029d962f235371ca21615651134cbbcd7f54
Increasing Awareness,Increasing Awareness of PathwayConnect,Employment and Self-Reliance Fair.pdf,https://missionaries.prod.byu-pathway.psdops.com/Employment-and-Self-Reliance-Fair,./data/pdf/Employment-and-Self-Reliance-Fairpdf.pdf,pdf,d65a88a8d16bd5bb0afc26ffec7a429700659b1001db642e385969aeeed61dec
Increasing Awareness,Increasing Awareness of PathwayConnect,Explaining BYUPW to Potential Students.pdf,https://missionaries.prod.byu-pathway.psdops.com/Explaining-BYUPW-to-Potential-Students,./data/pdf/Explaining-BYUPW-to-Potential-Studentspdf.pdf,pdf,327aca3f59665a9dad820e02fe906993f144be23dc5e6dfb5e258d7f2eebb17b
Increasing Awareness,Increasing Awareness of PathwayConnect,Firesides and Devotionals.pdf,https://missionaries.prod.byu-pathway.psdops.com/Firesides-and-Devotionals,./data/pdf/Firesides-and-Devotionalspdf.pdf,pdf,fee8e9e7f56f28d8ad120e7cd56a1460f14cbbfcb553e865fed08e74310ba1f1
Increasing Awareness,Increasing Awareness of PathwayConnect,Informe en Fuentes de recursos para líderes y secretarios de la Iglesia.pdf,https://missionaries.prod.byu-pathway.psdops.com/Informe-en-Fuentes-de-recursos-para-líderes-y-secretarios-de-la-Iglesia,./data/pdf/Informe-en-Fuentes-de-recursos-para-lideres-y-secretarios-de-la-Iglesiapdf.pdf,pdf,09a81df8b96ae674bec63bfbf17f12a6e60e5f91c2a4e7749ff4a452a31e3017
Increasing Awareness,Increasing Awareness of PathwayConnect,Institutional Handout.pdf .pdf,https://missionaries.prod.byu-pathway.psdops.com/Institutional-Handout-,./data/pdf/Institutional-Handoutpdf-pdf.pdf,pdf,44055c1e43e98ffce45f01748f1b615e78d98e302c2402d722ec934b7309d4f3
Increasing Awareness,Increasing Awareness of PathwayConnect,institutional-brochure-bi-fold-pdf.pdf,https://missionaries.prod.byu-pathway.psdops.com/institutional-brochure-bi-fold-pdf,./data/pdf/institutional-brochure-bi-fold-pdfpdf.pdf,pdf,124dd7857206ea155e1c732995e746670d1cb3620be89c8df3e1a93dff6cd49f
Increasing Awareness,Increasing Awareness of PathwayConnect,Inviting Friends of the Church (No Nonmembers in Group).pdf,https://missionaries.prod.byu-pathway.psdops.com/Inviting-Friends-of-the-Church-No-Nonmembers-in-Group,./data/pdf/Inviting-Friends-of-the-Church-No-Nonmembers-in-Grouppdf.pdf,pdf,46b3ba9099d6ca20a9e078fe56c06efc43307d23a0361574630f91a658df0041
Increasing Awareness,Increasing Awareness of PathwayConnect,Inviting Friends of the Church (Nonmembers in Group).pdf,https://missionaries.prod.byu-pathway.psdops.com/Inviting-Friends-of-the-Church-Nonmembers-in-Group,./data/pdf/Inviting-Friends-of-the-Church-Nonmembers-in-Grouppdf.pdf,pdf,a53680bc989d063f2a10208398a3defb54c33db973c2ef30b09f75329f42a40c
Increasing Awareness,Increasing Awareness of PathwayConnect,Inviting Friends Who Are Not Members.pdf,https://missionaries.prod.byu-pathway.psdops.com/Inviting-Friends-Who-Are-Not-Members,./data/pdf/Inviting-Friends-Who-Are-Not-Memberspdf.pdf,pdf,da33ae671e83a1d97947f458d2bf6287971a1ce384e7b45f3c83ca4aff0d15bf
Increasing Awareness,Increasing Awareness of PathwayConnect,Leader and Clerk Resources Report for Church Leaders.pdf,https://missionaries.prod.byu-pathway.psdops.com/Leader-and-Clerk-Resources-Report-for-Church-Leaders,./data/pdf/Leader-and-Clerk-Resources-Report-for-Church-Leaderspdf.pdf,pdf,2f1a96dd32cab2040a4a1a01cb65131889ed9190d06fb9e723017434a813bc37
Increasing Awareness,Increasing Awareness of PathwayConnect,Ministering Through Education.pdf,https://missionaries.prod.byu-pathway.psdops.com/Ministering-Through-Education,./data/pdf/Ministering-Through-Educationpdf.pdf,pdf,a611456bc2ee8f67057dab710d6f3f7c34aba046de2dfbdafc81e663ee6c4866
Increasing Awareness,Increasing Awareness of PathwayConnect,Presenting at Ward and Stake Council.pdf,https://missionaries.prod.byu-pathway.psdops.com/Presenting-at-Ward-and-Stake-Council,./data/pdf/Presenting-at-Ward-and-Stake-Councilpdf.pdf,pdf,016a1073b844576cce1fe7c8492f878aa5a9a69311e306ee9bc0ed9b0ee92d23
Increasing Awareness,Increasing Awareness of PathwayConnect,Sacrament Meeting Talks.pdf,https://missionaries.prod.byu-pathway.psdops.com/Sacrament-Meeting-Talks,./data/pdf/Sacrament-Meeting-Talkspdf.pdf,pdf,3523999e2808e0dc5130cad131c356de1be500184aa7cac3d7bd4ea7a12e3abb
Increasing Awareness,Increasing Awareness of PathwayConnect,"Scriptures, Quotes, and Talks About Education.pdf",https://missionaries.prod.byu-pathway.psdops.com/Scriptures-Quotes-and-Talks-About-Education,./data/pdf/Scriptures-Quotes-and-Talks-About-Educationpdf.pdf,pdf,903d10b598332701ccdf4f13be3774f9bc896082e5305e5161dc3c39deed547d
Increasing Awareness,Increasing Awareness of PathwayConnect,Second Hour Presentation.pdf,https://missionaries.prod.byu-pathway.psdops.com/Second-Hour-Presentation,./data/pdf/Second-Hour-Presentationpdf.pdf,pdf,f7c982c4a5e785e92d52c6f5fb363312967efd84245e3974222bb6ad12a22665
Increasing Awareness,Increasing Awareness of PathwayConnect,Stake Bishop Council Meeting.pdf,https://missionaries.prod.byu-pathway.psdops.com/Stake-Bishop-Council-Meeting,./data/pdf/Stake-Bishop-Council-Meetingpdf.pdf,pdf,cec972a77a142f73e077652db19e3d620e6d8a79500abebb324a471117a44db1
Increasing Awareness,Increasing Awareness of PathwayConnect,Sunday Visits with Language Wards.pdf,https://missionaries.prod.byu-pathway.psdops.com/Sunday-Visits-with-Language-Wards,./data/pdf/Sunday-Visits-with-Language-Wardspdf.pdf,pdf,9857ff785476b644125d4be55fdce6c533f7cb2c3a58ac09578879020d6535b7
Increasing Awareness,Increasing Awareness of PathwayConnect,Sunday Visits with Wards and Stakes.pdf,https://missionaries.prod.byu-pathway.psdops.com/Sunday-Visits-with-Wards-and-Stakes,./data/pdf/Sunday-Visits-with-Wards-and-Stakespdf.pdf,pdf,3a2a5b1df2f162b128090b18829049a4001bf3628c80f390dee90b7b20b3da50
Increasing Awareness,Increasing Awareness of PathwayConnect,Ward Bulletin Announcement.pdf,https://missionaries.prod.byu-pathway.psdops.com/Ward-Bulletin-Announcement,./data/pdf/Ward-Bulletin-Announcementpdf.pdf,pdf,8203af3096e3e5a25e232532e7562bed4397834b7cd7b661f431b5fe9541cb7f
Institute/Religion,,Check for Institute Registration for College Credit.pdf,https://missionaries.prod.byu-pathway.psdops.com/institute-for-college-credit,./data/pdf/Check-for-Institute-Registration-for-College-Creditpdf.pdf,pdf,976fe4a3d3aaff88c64ec3964f92b056a18c8b61d0bd62c7843d406ffce54a81
Institute/Religion,,Institute - Religion course requirements for PathwayConnect Students,https://www.byupathway.edu/policies/catalog/7-01-institute-religion-course-requirements,./data/html/Institute---Religion-course-requirements-for-PathwayConnect-Students.html,html,0bef09fb7bd116ef9dee9e7882c2bd0b66fc149ab7382c3428af8eb770345500
Missionary Processes,When you are finished with your PathwayConnect Service,International CSM SSM Application Process.pdf,https://missionaries.prod.byu-pathway.psdops.com/International-CSM-SSM-Application-Process,./data/pdf/International-CSM-SSM-Application-Processpdf.pdf,pdf,1b59767bd0a41234e073427d8f457573c4d5099a36f733fb15dd5dcf8305ec49
Missionary Processes,When you are finished with your PathwayConnect Service,International CSM SSM Application Process Feb2022 Int Application and Extension.pdf,https://missionaries.prod.byu-pathway.psdops.com/International-CSM-SSM-Application-Process-Feb2022-Int-Application-and-Extension,./data/pdf/International-CSM-SSM-Application-Process-Feb-Int-Application-and-Extensionpdf.pdf,pdf,d828e5b496e8b7cfb4f1336e1399f6c4d1e66c9315c338a856208919288b7ecb
Software Systems,Troubleshooting,Check to See if a BYU-Pathway Worldwide System is Down,https://office365lds.sharepoint.com/sites/BYU-PathwayTechnicalSupport/SitePages/System-Status.aspx?xsdata=MDV8MDJ8ZWR3YXJkc3JpY2tpZUBieXVwYXRod2F5Lm9yZ3w1YWFlYjFhNDllOTY0MzZkNTE3MzA4ZGM2Zjg3OGY2OHw2MWU2ZWViMzVmZDc0YWFhYWUzYzYxZThkZWIwOWI3OXwwfDB8NjM4NTA3ODc1MjE5Nzg2NDg1fFVua25vd258VFdGcGJHWnNiM2Q4ZXlKV0lqb2lNQzR3TGpBd01EQWlMQ0pRSWpvaVYybHVNeklpTENKQlRpSTZJazFoYVd3aUxDSlhWQ0k2TW4wPXwwfHx8&sdata=QnlHMGZ5SXd5enNYRUM3bktoa0lNZ0Z3VE84Yk9EK0hhYmhLakM5aXVhcz0%3D&CT=1715195813843&OR=OWA-NT-Mail&CID=a0a1c942-2326-f38f-5387-ba456eb48a6a&clickParams=eyJYLUFwcE5hbWUiOiJNaWNyb3NvZnQgT3V0bG9vayBXZWIgQXBwIiwiWC1BcHBWZXJzaW9uIjoiMjAyNDA0MTkwMDcuMzUiLCJPUyI6Ik1hYyBPUyBYIHVuZGVmaW5lZCJ9,403 Client Error: Forbidden for url: https://office365lds.sharepoint.com/sites/BYU-PathwayTechnicalSupport/SitePages/System-Status.aspx?xsdata=MDV8MDJ8ZWR3YXJkc3JpY2tpZUBieXVwYXRod2F5Lm9yZ3w1YWFlYjFhNDllOTY0MzZkNTE3MzA4ZGM2Zjg3OGY2OHw2MWU2ZWViMzVmZDc0YWFhYWUzYzYxZThkZWIwOWI3OXwwfDB8NjM4NTA3ODc1MjE5Nzg2NDg1fFVua25vd258VFdGcGJHWnNiM2Q4ZXlKV0lqb2lNQzR3TGpBd01EQWlMQ0pRSWpvaVYybHVNeklpTENKQlRpSTZJazFoYVd3aUxDSlhWQ0k2TW4wPXwwfHx8&sdata=QnlHMGZ5SXd5enNYRUM3bktoa0lNZ0Z3VE84Yk9EK0hhYmhLakM5aXVhcz0%3D&CT=1715195813843&OR=OWA-NT-Mail&CID=a0a1c942-2326-f38f-5387-ba456eb48a6a&clickParams=eyJYLUFwcE5hbWUiOiJNaWNyb3NvZnQgT3V0bG9vayBXZWIgQXBwIiwiWC1BcHBWZXJzaW9uIjoiMjAyNDA0MTkwMDcuMzUiLCJPUyI6Ik1hYyBPUyBYIHVuZGVmaW5lZCJ9,403,
PathwayConnect (PC),PathwayConnect General Information,About New Student Visits.pdf,https://missionaries.prod.byu-pathway.psdops.com/About-New-Student-Visits,./data/pdf/About-New-Student-Visitspdf.pdf,pdf,46f931ecbcba97360118e2a05e4bff5da2ae0f6e2628efa682df507e16f34d25
PathwayConnect (PC),PathwayConnect General Information,Academic Planning Tools for PC.pdf,https://missionaries.prod.byu-pathway.psdops.com/Academic-Planning-Tools-for-PC,./data/pdf/Academic-Planning-Tools-for-PCpdf.pdf,pdf,948fae57325c186d34a99e79884d7106666ad4cbbd40fff8af9af2988bf7db05
PathwayConnect (PC),PathwayConnect General Information,Academic Planning Tools.pdf,https://missionaries.prod.byu-pathway.psdops.com/Academic-Planning-Tools,./data/pdf/Academic-Planning-Toolspdf.pdf,pdf,f117ea9b8c990155d0b36010ee88fbdcd67fb16cd7c1229abfeab8a8faf0e7a8
PathwayConnect (PC),PathwayConnect General Information,Auto-drop.pdf,https://missionaries.prod.byu-pathway.psdops.com/Auto-drop,./data/pdf/Auto-droppdf.pdf,pdf,13651a7b9e5d0fe2eae3c28211d6a4c716b32f24c335bd7f10a488772716e6ad
PathwayConnect (PC),PathwayConnect General Information,Best Practices for an In-Person Gathering.pdf,https://missionaries.prod.byu-pathway.psdops.com/Best-Practices-for-an-In-Person-Gathering,./data/pdf/Best-Practices-for-an-In-Person-Gatheringpdf.pdf,pdf,8cb2fce5e90f48ca4c74ef5af048312aac14e411be4c183166f09702a065a5b0
PathwayConnect (PC),PathwayConnect General Information,Block and Instructional TeaFAQ.pdf,https://missionaries.prod.byu-pathway.psdops.com/Block-and-Instructional-TeaFAQ,./data/pdf/Block-and-Instructional-TeaFAQpdf.pdf,pdf,cc579e9eaae89c16fe70cdfffec0b0ea137b2b570cd02dc96ce26db0f4e8981f
PathwayConnect (PC),PathwayConnect General Information,Calculate a Students GPA.pdf,https://missionaries.prod.byu-pathway.psdops.com/Calculate-a-Students-GPA,./data/pdf/Calculate-a-Students-GPApdf.pdf,pdf,2428a807fb35cd07468a689bfcfe39e2ef150b2bd863353cc617b1e8d87c3540
PathwayConnect (PC),PathwayConnect General Information,Course Preview Overview.pdf,https://missionaries.prod.byu-pathway.psdops.com/Course-Preview-Overview,./data/pdf/Course-Preview-Overviewpdf.pdf,pdf,735754e0019c1342306076073313b412325a7ae41b928e1bdad191a6d7d442d2
PathwayConnect (PC),PathwayConnect General Information,Explain Auto-drop to Students for PC.pdf,https://missionaries.prod.byu-pathway.psdops.com/Explain-Auto-drop-to-Students-for-PC,./data/pdf/Explain-Auto-drop-to-Students-for-PCpdf.pdf,pdf,896f75bf5af0af9344dfa69fe1f8e1b36b1cdad93f19b8453f4e4a2fb9656932
PathwayConnect (PC),PathwayConnect General Information,Explain the Block Schedule.pdf,https://missionaries.prod.byu-pathway.psdops.com/Explain-the-Block-Schedule,./data/pdf/Explain-the-Block-Schedulepdf.pdf,pdf,fd14dd8c3017959fde0b21c824eb0cb2600f38d7b56fb44bc6ce1662c9276fc1
PathwayConnect (PC),PathwayConnect General Information,Forming Team Project Groups for PC 102.pdf,https://missionaries.prod.byu-pathway.psdops.com/Forming-Team-Project-Groups-for-PC-102,./data/pdf/Forming-Team-Project-Groups-for-PC-pdf.pdf,pdf,4a06e80a3e456951977a5b37f774f80040e31c013b96286d24126fd9fed956d6
PathwayConnect (PC),PathwayConnect General Information,How Students Choose Their Certificate.pdf,https://missionaries.prod.byu-pathway.psdops.com/How-Students-Choose-Their-Certificate,./data/pdf/How-Students-Choose-Their-Certificatepdf.pdf,pdf,44a23e5c897b1e1266d702f55925e1b33e264ca8d7bbb00b3991a5b2b97cd45c
PathwayConnect (PC),PathwayConnect General Information,How Students Print Their Certificate of Completion.pdf,https://missionaries.prod.byu-pathway.psdops.com/How-Students-Print-Their-Certificate-of-Completion,./data/pdf/How-Students-Print-Their-Certificate-of-Completionpdf.pdf,pdf,1af84a38df1fc80ed97956e1a710355d38f8a26e44e493d8f33881e50c578bef
PathwayConnect (PC),PathwayConnect General Information,How Students Repeat Courses.pdf,https://missionaries.prod.byu-pathway.psdops.com/How-Students-Repeat-Courses,./data/pdf/How-Students-Repeat-Coursespdf.pdf,pdf,055ca5bff965ca0e79bc971f1b7426fe737e24bab14599b7378a1d1695ee17c6
PathwayConnect (PC),PathwayConnect General Information,Ideas if a lead student doesn't show.pdf,https://missionaries.prod.byu-pathway.psdops.com/Ideas-if-a-lead-student-doesn't-show,./data/pdf/Ideas-if-a-lead-student-doesnt-showpdf.pdf,pdf,5eb428206d37b23de3cb031c3e3bf6f38dc627e9b175ea262a6fda24da31419f
PathwayConnect (PC),PathwayConnect General Information,Instructional Teams.pdf,https://missionaries.prod.byu-pathway.psdops.com/Instructional-Teams,./data/pdf/Instructional-Teamspdf.pdf,pdf,2b0167624d639523e711179ec9f20f3ec9aeb78814c0cbc286d2658124299567
PathwayConnect (PC),PathwayConnect General Information,Learn About PC 101.pdf,https://missionaries.prod.byu-pathway.psdops.com/Learn-About-PC-101,./data/pdf/Learn-About-PC-pdf.pdf,pdf,3dd5edf01c015093b3e5a6696b0479c3571a02dc2e2cd695f4ea0d30d45cb9b2
PathwayConnect (PC),PathwayConnect General Information,Navigating the Student Portal.pdf,https://missionaries.prod.byu-pathway.psdops.com/navigating-the-student-portal,./data/pdf/Navigating-the-Student-Portalpdf.pdf,pdf,4322b2819e50f0d7bb161203001741d79db64bbda331f0b97a02b6debc478fc6
PathwayConnect (PC),PathwayConnect General Information,New Student Orientation/New Student Checklist,https://www.byupathway.edu/new-student-orientation-pathwayconnect?pk_campaign=NSU&pk_kwd=-4.2&pk_source=email&pk_medium=26-03-2024&pk_content=03,./data/html/New-Student-OrientationNew-Student-Checklist.html,html,4f170d8895b39c82800d38ea046ba567c3762c25a2a0d812fb140879ec4c7115
PathwayConnect (PC),PathwayConnect General Information,New Student Visits - Tracker.pdf,https://missionaries.prod.byu-pathway.psdops.com/New-Student-Visits-Tracker,./data/pdf/New-Student-Visits---Trackerpdf.pdf,pdf,39a3f5b9e94f20d3d63b0832120f57f2406965ff4186bf30be0965307408bb56
PathwayConnect (PC),PathwayConnect General Information,New Student Visits.pdf,https://missionaries.prod.byu-pathway.psdops.com/New-Student-Visits,./data/pdf/New-Student-Visitspdf.pdf,pdf,cfa1d5f54424f85e2dde622d83a0b5cddb4cc1a56caa246ad39741dde698c03a
PathwayConnect (PC),PathwayConnect General Information,PathwayConnect Common Terms.pdf,https://missionaries.prod.byu-pathway.psdops.com/PathwayConnect-Common-Terms,./data/pdf/PathwayConnect-Common-Termspdf.pdf,pdf,ffd00af2783960785bf01a61e7c55280e02cb7082a1ec98c0a22c74ece0a4ef0
PathwayConnect (PC),PathwayConnect General Information,PC 101 Block Lead Student Sign-Up Sheet.pdf,https://missionaries.prod.byu-pathway.psdops.com/PC-101-Block-Lead-Student-Sign-Up-Sheet,./data/pdf/PC--Block-Lead-Student-Sign-Up-Sheetpdf.pdf,pdf,eed7e0a98ebf382f294e23859ec9e6878fecfff87488f04f4072844d7f1e336c
PathwayConnect (PC),PathwayConnect General Information,PC 103 Block LS Sign-Up Sheet Fillable.pdf,https://missionaries.prod.byu-pathway.psdops.com/PC-103-Block-LS-Sign-Up-Sheet-Fillable,./data/pdf/PC--Block-LS-Sign-Up-Sheet-Fillablepdf.pdf,pdf,18e7024bfd8519a8315668dceb79efb91bb03a69e1040ee4fe4182b65630d256
PathwayConnect (PC),PathwayConnect General Information,PC Application Process.pdf,https://missionaries.prod.byu-pathway.psdops.com/PC-Application-Process,./data/pdf/PC-Application-Processpdf.pdf,pdf,aeffe73a90fec71dfc8a767c45f611886bc9fb95e4a6ceb2606104ce8091e612
PathwayConnect (PC),PathwayConnect General Information,PC Application Walkthrough.pdf,https://missionaries.prod.byu-pathway.psdops.com/PC-Application-Walkthrough,./data/pdf/PC-Application-Walkthroughpdf.pdf,pdf,c8290131c07736dc5b1ba3f0c7d975b151a8007ebcbeb4ce6ee77fb63464bccb
PathwayConnect (PC),PathwayConnect General Information,Playing Hymns in a Virtual Gathering.pdf,https://missionaries.prod.byu-pathway.psdops.com/Playing-Hymns-in-a-Virtual-Gathering,./data/pdf/Playing-Hymns-in-a-Virtual-Gatheringpdf.pdf,pdf,2c3ae6973b467648fa9d0a96653ad1ad70b82a26327208d0b8d457ae1f004109
PathwayConnect (PC),PathwayConnect General Information,Shepherding Team Project Groups.pdf,https://missionaries.prod.byu-pathway.psdops.com/Shepherding-Team-Project-Groups,./data/pdf/Shepherding-Team-Project-Groupspdf.pdf,pdf,2871fd4ed184167bd13c3c35565817995a872946d1340935528bb626732dc993
PathwayConnect (PC),PathwayConnect General Information,Students Visiting Another Gathering.pdf,https://missionaries.prod.byu-pathway.psdops.com/Students-Visiting-Another-Gathering,404 Client Error: Not Found for url: https://missionaries.prod.byu-pathway.psdops.com/Students-Visiting-Another-Gathering,404,
Scholarships & Tuition Discounts,Scholarships Available to Students,Scholarships for PathwayConnect.pdf,https://missionaries.prod.byu-pathway.psdops.com/Scholarships-for-PathwayConnect,./data/pdf/Scholarships-for-PathwayConnectpdf.pdf,pdf,523b6d709866ccc71bd128885f3c19315a61b131a90787357d320ce6c81fc97e
Shepherding / Ministering,,BYU-Idaho Tutoring Services.pdf,https://missionaries.prod.byu-pathway.psdops.com/BYU-Idaho-Tutoring-Services,./data/pdf/BYU-Idaho-Tutoring-Servicespdf.pdf,pdf,21b442b5612f9eda179f61e6fc9c6c887b0a5dd0877b32b5054f4c8d9110c32b
Shepherding / Ministering,,Create a Church Account for Friends of the Church.pdf,https://missionaries.prod.byu-pathway.psdops.com/Create-a-Church-Account-for-Friends-of-the-Church,./data/pdf/Create-a-Church-Account-for-Friends-of-the-Churchpdf.pdf,pdf,75a49c1f47cf828dda26a316a0abf4f03891f12dd34d2541d8ca8338d7fe0811
Shepherding / Ministering,,Evaluating Your Gathering.pdf,https://missionaries.prod.byu-pathway.psdops.com/Evaluating-Your-Gathering,./data/pdf/Evaluating-Your-Gatheringpdf.pdf,pdf,91f46b4cf47346040ad58824f8e956c5e43fc64c168c5f3cdfb2a5e09351d946
Shepherding / Ministering,,Explain Gospel Resources.pdf,https://missionaries.prod.byu-pathway.psdops.com/Explain-Gospel-Resources,./data/pdf/Explain-Gospel-Resourcespdf.pdf,pdf,c141580e36a2eaa7c59e37fc7b1a76629983782e2c0115f6963c0e2d575622ff
Shepherding / Ministering,,Helping Students Overcome Obstacles.pdf,https://missionaries.prod.byu-pathway.psdops.com/Helping-Students-Overcome-Obstacles,./data/pdf/Helping-Students-Overcome-Obstaclespdf.pdf,pdf,b2db8ddea815fe8c09f64a577b9fd716c6aa555a22a4843ee87b0ccf85ac9111
Shepherding / Ministering,,Helping Students Register for Next Term.pdf,https://missionaries.prod.byu-pathway.psdops.com/Helping-Students-Register-for-Next-Term,./data/pdf/Helping-Students-Register-for-Next-Termpdf.pdf,pdf,3ac66dba6189cf6db290698c576ba589ee8e37c56e7c278203506a121fbdd4c8
Shepherding / Ministering,,Helping Students Select a Certificate.pdf,https://missionaries.prod.byu-pathway.psdops.com/Helping-Students-Select-a-Certificate,./data/pdf/Helping-Students-Select-a-Certificatepdf.pdf,pdf,b7a61d03094b99b13dea34c31f0c47226588706b4ea52ec39106a929ceaa908d
Shepherding / Ministering,,How a Student Changes Their Church Account Name.pdf,https://missionaries.prod.byu-pathway.psdops.com/How-a-Student-Changes-Their-Church-Account-Name,./data/pdf/How-a-Student-Changes-Their-Church-Account-Namepdf.pdf,pdf,01b606de5463bbb2bd2dc010017f8397c5842e21bc63e9e93d04b7e4077f799c
Shepherding / Ministering,,How Students Update Personal Information in Their Portal.pdf,https://missionaries.prod.byu-pathway.psdops.com/How-Students-Update-Personal-Information-in-Their-Portal,./data/pdf/How-Students-Update-Personal-Information-in-Their-Portalpdf.pdf,pdf,be83987ef78f00a941eef20722cc52ab292244dfaa0bf7048ab90174838b63c3
Shepherding / Ministering,,Improving Your Shepherding.pdf,https://missionaries.prod.byu-pathway.psdops.com/Improving-Your-Shepherding,./data/pdf/Improving-Your-Shepherdingpdf.pdf,pdf,f743b10fcd756771992490daca312860a0267d3351a31718ca708bbc27828bc3
Shepherding / Ministering,,Keep the Spirit in the Gathering.pdf,https://missionaries.prod.byu-pathway.psdops.com/Keep-the-Spirit-in-the-Gathering,./data/pdf/Keep-the-Spirit-in-the-Gatheringpdf.pdf,pdf,2c1fad6d2f928c5ac8d08864aca78f005e886793e6f0220f6c9cbf0cbed182fe
Shepherding / Ministering,,Looking Out For The Hidden Crisis.pdf,https://missionaries.prod.byu-pathway.psdops.com/Looking-Out-For-The-Hidden-Crisis,./data/pdf/Looking-Out-For-The-Hidden-Crisispdf.pdf,pdf,bcbe370a0cfcd5429614d758d8c23bb27146dff3d0681064b132bc6e8c2c43b4
Shepherding / Ministering,,Missionary Student in Crisis Escalation Policy.pdf,https://missionaries.prod.byu-pathway.psdops.com/Missionary-Student-in-Crisis-Escalation-Policy,./data/pdf/Missionary-Student-in-Crisis-Escalation-Policypdf.pdf,pdf,d2e69372bf17e3fdb36fdf5b385c68f036dc40b8dd37bd3d53f78e5e927e73d5
Shepherding / Ministering,,New Student New Missionary.pdf,https://missionaries.prod.byu-pathway.psdops.com/New-Student-New-Missionary,./data/pdf/New-Student-New-Missionarypdf.pdf,pdf,d536c4f51df76553319737c4df06f4ddd95db883bce20e1081edcebf1144d122
Shepherding / Ministering,,New Student Visit Instructions.pdf,https://missionaries.prod.byu-pathway.psdops.com/New-Student-Visit-Instructions,./data/pdf/New-Student-Visit-Instructionspdf.pdf,pdf,4b1111f7a3a6850b7bdba1b0a8a633c064cc3b8a70d65e04ba1575f87e1dd82e
Shepherding / Ministering,,Providing Christlike Feedback.pdf,https://missionaries.prod.byu-pathway.psdops.com/Providing-Christlike-Feedback,./data/pdf/Providing-Christlike-Feedbackpdf.pdf,pdf,906c47c874aa84dd4a59f7f7740ad96e5e5188c06599fc9a6014e85cae119643
Shepherding / Ministering,,Resources for New and Continuing Students.png,https://missionaries.prod.byu-pathway.psdops.com/Resources-for-New-and-Continuing-Students.png,./data/others/Resources-for-New-and-Continuing-Studentspng.png,png,77b16813c65cbc515f7d8827e632988e639d14f316f477a4d63b66fc86017f02
Shepherding / Ministering,,SHEP - Building a Community of Friendship.pdf,https://missionaries.prod.byu-pathway.psdops.com/SHEP-Building-a-Community-of-Friendship,./data/pdf/SHEP---Building-a-Community-of-Friendshippdf.pdf,pdf,6346ae95bc67d5435b2ddba1363342ae26158c85496930684f8b614f2a543477
Shepherding / Ministering,,SHEP - Lending Money to Students.pdf,https://missionaries.prod.byu-pathway.psdops.com/SHEP-Lending-Money-to-Students,./data/pdf/SHEP---Lending-Money-to-Studentspdf.pdf,pdf,f765808645ff2bfd64c0f308b2f69f1337f1aad7b7b592ba2a14191ff15be32c
Shepherding / Ministering,,Shepherd with Charity.pdf,https://missionaries.prod.byu-pathway.psdops.com/Shepherd-with-Charity,./data/pdf/Shepherd-with-Charitypdf.pdf,pdf,49658efa3dd0cae31e8581f86262f35388c1a2266c5f8fca402f079829c2b324
Shepherding / Ministering,,Student Issue Escalate Process.pdf,https://missionaries.prod.byu-pathway.psdops.com/student-issues-escalate-process,./data/pdf/Student-Issue-Escalate-Processpdf.pdf,pdf,9368fc65c1886cd943910a6ea49305ad6393f7d7859c9e289bbca71e15697e5a
Shepherding / Ministering,,Support Options for Students.pdf,https://missionaries.prod.byu-pathway.psdops.com/SupportOptionsforStudents,./data/pdf/Support-Options-for-Studentspdf.pdf,pdf,f1190be575becf5f516ccd1e56cea435233abd122560513321d21161ec82c7e9
Shepherding / Ministering,,Support Students with Disabilities.pdf,https://missionaries.prod.byu-pathway.psdops.com/Support-Students-with-Disabilities,./data/pdf/Support-Students-with-Disabilitiespdf.pdf,pdf,ba66fc140a8aa261391cd2bb22c6330dc3b0cc1a9d74af4f6fcb11b5f130f216
Shepherding / Ministering,,"The 3 P's Purpose, Power, & Plan.pdf","https://missionaries.prod.byu-pathway.psdops.com/The-3-P's-Purpose,-Power,-&-Plan",./data/pdf/The--Ps-Purpose-Power--Planpdf.pdf,pdf,8995de8359a42b2519fc53eec24790b3faec9683f09728891c0d96cc1d2ddd1d
Shepherding / Ministering,,Using BYUPW Support Knowledge Articles.pdf,https://missionaries.prod.byu-pathway.psdops.com/Using-BYUPW-Support-Knowledge-Articles,./data/pdf/Using-BYUPW-Support-Knowledge-Articlespdf.pdf,pdf,195352aea2bda5641631964b1231d27b198c0519948458d7f920083be8972c00
Student/Learner Portal,,Learning Platform Walkthrough,https://missionaries.prod.byu-pathway.psdops.com/Learning-Platform-Walkthrough,./data/pdf/Learning-Platform-Walkthrough.pdf,pdf,2f40c84fcc2a386dfc0b8586d681d161415d044bd7e462986d5cffd88fef1acc
Student Software & Uses,"Student Helps, Needs & Information",Delayed Access to Microsoft Office Suite Download.pdf,https://missionaries.prod.byu-pathway.psdops.com/Delayed-Access-to-Microsoft-Office-Suite-Download,./data/pdf/Delayed-Access-to-Microsoft-Office-Suite-Downloadpdf.pdf,pdf,84021a601ef6c559953fc4ea2f6b5af6cb5d0c934b7415ac97a0e87dcd45c648
Student Software & Uses,"Student Helps, Needs & Information","Hardware and Software in PC 101, 102, and 103.pdf","https://missionaries.prod.byu-pathway.psdops.com/Hardware-and-Software-in-PC-101,-102,-and-103",./data/pdf/Hardware-and-Software-in-PC---and-pdf.pdf,pdf,af608d52aa10e19626a2b2fce88d3eec03716638e4d8b093cb2ec8538bdcd59e
Webinars and Special Training,,Flier Webinar US Canada Missionaries Fall 2021.pdf,https://missionaries.prod.byu-pathway.psdops.com/Flier-Webinar-US-Canada-Missionaries-Fall-2021,./data/pdf/Flier-Webinar-US-Canada-Missionaries-Fall-pdf.pdf,pdf,8751137b2599bfeefde1ff80825c8f496c38443082091a89934273be8521864a
Webinars and Special Training,,Webinar Domesitic August 8 (English).pdf,https://missionaries.prod.byu-pathway.psdops.com/Webinar-Domesitic-August-8-(English),./data/pdf/Webinar-Domesitic-August--Englishpdf.pdf,pdf,6e0eeaee04cc4da84d60ea83fddbf416ee47e1966abf53c0fee613473c7a9379
Webinars and Special Training,,Webinar Domestic Agosto 8 (Spanish).pdf,https://missionaries.prod.byu-pathway.psdops.com/Webinar-Domestic-Agosto-8-(Spanish),./data/pdf/Webinar-Domestic-Agosto--Spanishpdf.pdf,pdf,bfa521071834d1d716b0f8a0a03cd9331baa5b91b96a7affe60a1e2460b080e2
Webinars and Special Training,,Webinar Domestic August 15 (YSA).pdf,https://missionaries.prod.byu-pathway.psdops.com/Webinar-Domestic-August-15-(YSA),./data/pdf/Webinar-Domestic-August--YSApdf.pdf,pdf,88ea249da30cae9b729c0a4933848561fda6c2bfb15c615513597e73a8638d82
Webinars and Special Training,,Webinar Domestic August 22 (English).pdf,https://missionaries.prod.byu-pathway.psdops.com/Webinar-Domestic-August-22-(English),./data/pdf/Webinar-Domestic-August--Englishpdf.pdf,pdf,d1537b3c8dd87a698d8e5fca25108e0bbc15a352f1fe9b9b0bcbb87df42e3104
WhatsApp,,Downloading WhatsApp to a Computer.pdf,https://missionaries.prod.byu-pathway.psdops.com/Downloading-WhatsApp-to-a-Computer,./data/pdf/Downloading-WhatsApp-to-a-Computerpdf.pdf,pdf,ebd2b69eaa722a38979d2b401914769dce01ef563c6ac6e4959ef69645f022ab
Zoom,Zoom Accounts for Missionaries,Activate Your New Zoom Account.pdf,https://missionaries.prod.byu-pathway.psdops.com/Activate-Your-New-Zoom-Account,./data/pdf/Activate-Your-New-Zoom-Accountpdf.pdf,pdf,57c71cf192a17377272a75db7ac50b575b4fb874419845677dbd20f6562b9600
Zoom,Zoom Accounts for Missionaries,Download and Install Zoom for Mac.pdf,https://missionaries.prod.byu-pathway.psdops.com/Download-and-Install-Zoom-for-Mac,./data/pdf/Download-and-Install-Zoom-for-Macpdf.pdf,pdf,a858379c8b8eb7391bfc33591ac77f4d5239cad2ea23e648a11c0603faf73791
Zoom,Zoom Accounts for Missionaries,Download and Install Zoom for PC.pdf,https://missionaries.prod.byu-pathway.psdops.com/Download-and-Install-Zoom-for-PC,./data/pdf/Download-and-Install-Zoom-for-PCpdf.pdf,pdf,865607cadff382ab39d2275038ef362e66548fde3fa870e441c6ebe96eefa2f8
Zoom,Zoom Accounts for Missionaries,Mac Zoom Installation.pdf,https://missionaries.prod.byu-pathway.psdops.com/Mac-Zoom-Installation,./data/pdf/Mac-Zoom-Installationpdf.pdf,pdf,99b6328a784db882ef3dbf017cc798beefb269d687921e2198f12746a9a17f13
Zoom,Zoom Accounts for Missionaries,Merge Your Zoom Account.pdf,https://missionaries.prod.byu-pathway.psdops.com/Merge-Your-Zoom-Account,./data/pdf/Merge-Your-Zoom-Accountpdf.pdf,pdf,d7853276363c84c8000dcd88eb4807faf8d0f6180a4b3878e773bfe4a75f3eb8
Zoom,How Missionaries are to Use Zoom,Log in to the Zoom Website.pdf,https://missionaries.prod.byu-pathway.psdops.com/Log-in-to-the-Zoom-Website,./data/pdf/Log-in-to-the-Zoom-Websitepdf.pdf,pdf,0c94ad2aa0ef737ce33b2e56d0fc7256eb59dde7019b3efa405beb9c7619f398
Zoom,How Missionaries are to Use Zoom,Opening Your Zoom Room.pdf,https://missionaries.prod.byu-pathway.psdops.com/Opening-Your-Zoom-Room,./data/pdf/Opening-Your-Zoom-Roompdf.pdf,pdf,a16d0fa85316bb261575f3e3ec366aa48e5debfd3da865fc904f159c5a210959
Zoom,Zoom Policies and Usage for Missionaries,Using Your Zoom Room During the Week.pdf,https://missionaries.prod.byu-pathway.psdops.com/Using-Your-Zoom-Room-During-the-Week,./data/pdf/Using-Your-Zoom-Room-During-the-Weekpdf.pdf,pdf,3b69d588aa14a10436672c65c0c65ef61b84537f8d98358eb59caa9c81a42220
Zoom,Zoom and Devices,Tips for Zoom on a Mobile App.pdf,https://missionaries.prod.byu-pathway.psdops.com/Tips-for-Zoom-on-a-Mobile-App,./data/pdf/Tips-for-Zoom-on-a-Mobile-Apppdf.pdf,pdf,bfbea0fe07dba09c3afbf02224194831849b4682e8cc17d4a3dbed7e1cf4bee9
Zoom,Breakout Rooms,Breakout Room Basics.pdf,https://missionaries.prod.byu-pathway.psdops.com/Breakout-Room-Basics,./data/pdf/Breakout-Room-Basicspdf.pdf,pdf,c13135ea709ad3b25647150bc4c63d94200e875f48e444ec7fb5f7e7a5188988
Zoom,Breakout Rooms,Breakout Rooms - Manual Creation.pdf,https://missionaries.prod.byu-pathway.psdops.com/Breakout-Room-Manual-Creation,./data/pdf/Breakout-Rooms---Manual-Creationpdf.pdf,pdf,adb6cc475d98c2133b02221ab68e90d93d9c4f9f42848e18238b358a268fee85
Zoom,Breakout Rooms,Communicate to All Breakout Rooms.pdf,https://missionaries.prod.byu-pathway.psdops.com/Communicate-to-All-Breakout-Rooms,./data/pdf/Communicate-to-All-Breakout-Roomspdf.pdf,pdf,c95946fe6ddb1272706b76ffc12b6798a1cd0193952d44428a6809003d6553d7
Zoom,Share Screen,Share Audio and Video.pdf,https://missionaries.prod.byu-pathway.psdops.com/Share-Audio-and-Video,./data/pdf/Share-Audio-and-Videopdf.pdf,pdf,b01e3b517e7c639f61694d669b00de6e0dd036ea7372bddf6bb0a0c4968c1e72
Zoom,Share Screen,Share Multiple Screens.pdf,https://missionaries.prod.byu-pathway.psdops.com/Share-Multiple-Screens,./data/pdf/Share-Multiple-Screenspdf.pdf,pdf,08a6c949446e43f5bd59d22079e97ffa1bc6ea8b26e77df8679fb6438ad21ebd
Zoom,Share Screen,Share Screen to All Breakout Rooms.pdf,https://missionaries.prod.byu-pathway.psdops.com/Share-Screen-to-All-Breakout-Rooms,./data/pdf/Share-Screen-to-All-Breakout-Roomspdf.pdf,pdf,516cc63aac44c18e7eb3ec1490e5cab78555c9ffc81d7cdf4eea6384529bece5
Zoom,Share Screen,Share Your Screen in Zoom.pdf,https://missionaries.prod.byu-pathway.psdops.com/Share-Your-Screen-in-Zoom,./data/pdf/Share-Your-Screen-in-Zoompdf.pdf,pdf,e3d4cf992996ea0310912ab4ff876cce4b30556522bcf4909482d6663d258d5d
Zoom,Host,Claim Host When Substituting.pdf,https://missionaries.prod.byu-pathway.psdops.com/Claim-Host-When-Substituting,./data/pdf/Claim-Host-When-Substitutingpdf.pdf,pdf,9eb7780847cef9b450ef145c6374b2503b857fd918f96a0a5235038c8c37179f
Zoom,Host,Assigning a Host During a Gathering.pdf,https://missionaries.prod.byu-pathway.psdops.com/Assigning-a-Host-During-a-Gathering,./data/pdf/Assigning-a-Host-During-a-Gatheringpdf.pdf,pdf,5bcd9cc4dc5423d34adb3a00a87f172cd02c355b2fd63ae69dd806aae5e8b9e9
Zoom,Host Key,Finding or Updating Your Host Key.pdf,https://missionaries.prod.byu-pathway.psdops.com/Finding-or-Updating-Your-Host-Key,./data/pdf/Finding-or-Updating-Your-Host-Keypdf.pdf,pdf,a82bc260e0f0a7b840dacde4fd61c80a4b22b470869877533a58d8fdf243b810
Zoom,Co-Host,Assigning a Cohost.pdf,https://missionaries.prod.byu-pathway.psdops.com/Assigning-a-Cohost,./data/pdf/Assigning-a-Cohostpdf.pdf,pdf,45d77453f568a68ba63ed994fb8c78f97ca8479bede5e7969c7f4c9f8100cec4
Zoom,Chat,Chat.pdf,https://missionaries.prod.byu-pathway.psdops.com/Chat,./data/pdf/Chatpdf.pdf,pdf,7e703db26d3f08f01db6076aee37f7bf05426fb9dafa462682eebabd63f91631
Zoom,Update Zoom Software,Checking for Updates.pdf,https://missionaries.prod.byu-pathway.psdops.com/Checking-for-Updates,./data/pdf/Checking-for-Updatespdf.pdf,pdf,c80026b0cac55427add65038254cffd125e79761c0b828d49f0106f26a789ce6
Zoom,Update Zoom Software,Updating Your Profile Settings.pdf,https://missionaries.prod.byu-pathway.psdops.com/Updating-Your-Profile-Settings,./data/pdf/Updating-Your-Profile-Settingspdf.pdf,pdf,9899a731fcc599b85717a402d1173d2dcecaca2d6c2e2463c90ed38eb0e13607
Zoom,Update Zoom Software,Updating Your Zoom Room Passcode.pdf,https://missionaries.prod.byu-pathway.psdops.com/Updating-Your-Zoom-Room-Passcode,./data/pdf/Updating-Your-Zoom-Room-Passcodepdf.pdf,pdf,226ffd12b25d1ea05019c648f41d771b2a77dd120e4a7255c54b8bfbcd137f20
Zoom,Joining a Zoom Meeting,How Students Access Your Zoom Room.pdf,https://missionaries.prod.byu-pathway.psdops.com/How-Students-Access-Your-Zoom-Room,./data/pdf/How-Students-Access-Your-Zoom-Roompdf.pdf,pdf,90b858bcbfe5290b691004bf01602584db82848ef2eeec182777d8a0b501ae3a
Zoom,Joining a Zoom Meeting,Joining A Zoom Meeting.pdf,https://missionaries.prod.byu-pathway.psdops.com/Joining-A-Zoom-Meeting,./data/pdf/Joining-A-Zoom-Meetingpdf.pdf,pdf,5c38957f076883cdc177d55b21a155b06fef015b555f008d82517046451a1aaf
Zoom,Joining a Zoom Meeting,Zoom Find and Share Your Zoom Room Link.pdf,https://missionaries.prod.byu-pathway.psdops.com/Zoom-Find-and-Share-Link,./data/pdf/Zoom-Find-and-Share-Your-Zoom-Room-Linkpdf.pdf,pdf,23d731d6c593334ade26ec33c0d76f31f8d80b31bcc394e8c7b4b2ff4f230a7f
Zoom,Zoom Room Views,Gallery and Speaker View.pdf,https://missionaries.prod.byu-pathway.psdops.com/Gallery-and-Speaker-View,./data/pdf/Gallery-and-Speaker-Viewpdf.pdf,pdf,650b0591bb2db3c2adfba5123cdb16c1d91a8fda1d0c236a7957a9e388d91702
Zoom,Zoom Features,How to Show Participant Names.pdf,https://missionaries.prod.byu-pathway.psdops.com/How-to-Show-Participant-Names,./data/pdf/How-to-Show-Participant-Namespdf.pdf,pdf,e3c1f7590afdec9900501f3d2ad3dc3b8430ccd965d301ae511b405d5cf5aea3
Zoom,Zoom Features,Learn the Basic Features of Zoom.pdf,https://missionaries.prod.byu-pathway.psdops.com/Learn-the-Basic-Features-of-Zoom,./data/pdf/Learn-the-Basic-Features-of-Zoompdf.pdf,pdf,f9e1dbdadea9cc16691b81c92692c2b6015ee9837f9e173f229692d24fe383b6
Zoom,Zoom Features,Zoom-Feature-Overview.pdf,https://missionaries.prod.byu-pathway.psdops.com/Zoom-Feature-Overview,./data/pdf/Zoom-Feature-Overviewpdf.pdf,pdf,1b49cfbe52a2194b302e189aeeefdd0c9bb51a3c4deb1a7dbb952192603b6aa3
Zoom,Whiteboards,Sharing a Whiteboard.pdf,https://missionaries.prod.byu-pathway.psdops.com/Sharing-a-Whiteboard,./data/pdf/Sharing-a-Whiteboardpdf.pdf,pdf,56bb697e18303462ab18ca5cbcd9de35262c1cb9d9436bfa3b213af5fdbc0ed1
Zoom,Whiteboards,Zoom Online Whiteboards.pdf,https://missionaries.prod.byu-pathway.psdops.com/Zoom-Online-Whiteboards,./data/pdf/Zoom-Online-Whiteboardspdf.pdf,pdf,af88f6d4eb345b4320b53dea3b57557256ef63f1390fea8e3b711080982a20b8
Zoom,Record,Policy - Zoom Recordings.pdf,https://missionaries.prod.byu-pathway.psdops.com/Policy-Zoom-Recordings,./data/pdf/Policy---Zoom-Recordingspdf.pdf,pdf,ebd3d712b02afaf45ecdf28507aaebc06b5d705cf37c588460639ad51e3043e7
Zoom,Security,Security.pdf,https://missionaries.prod.byu-pathway.psdops.com/Security,./data/pdf/Securitypdf.pdf,pdf,b3d29677a56e5c678b0411b0a0b8473c8a10dab2408a90482f768c26f58ff97e
Zoom,Video Settings,Video Settings.pdf,https://missionaries.prod.byu-pathway.psdops.com/Video-Settings,./data/pdf/Video-Settingspdf.pdf,pdf,effb9fa3a8f6a4ad20b4713c98acca978fefa569090b8608d31bb2dff1fbdc97
1. Background and Foundation,,"1.1 The History of PathwayConnect, Online Learning and the Creation of BYU-Pathway Worldwide",https://www.byupathway.edu/policies/handbook/1-1-the-history-of-pathwayconnect-online-learning-and-the-creation-of-byu-pathway-worldwide,./data/html/-The-History-of-PathwayConnect-Online-Learning-and-the-Creation-of-BYU-Pathway-Worldwide.html,html,17db3148e5ffce59d5176a90413d0e100e62fc35b53cf22a06c0e330c31fafbd
1. Background and Foundation,,1.2 Institutes of Religion & PEF/ Self-Reliance Centers,https://www.byupathway.edu/policies/handbook/1-2-institutes-of-religion-pef-self-reliance-centers,./data/html/-Institutes-of-Religion--PEF-Self-Reliance-Centers.html,html,a49c818730798ed98e4b4dcd0afaa9e8aec94d7ae107a429e879a24a92c4277c
1. Background and Foundation,,1.3 Program Objectives,https://www.byupathway.edu/policies/handbook/1-3-program-objectives,./data/html/-Program-Objectives.html,html,4f81b4aa7601eb7ff4e923d52fb6de23c2829d10e49500eeae2ab9a59f1ed4cd
1. Background and Foundation,,1.4 Program Structure & Requirements,https://www.byupathway.edu/policies/handbook/1-4-program-structure-requirements,./data/html/-Program-Structure--Requirements.html,html,6161224a046e95073108a41738fc7e3417f510cd7293b93be8f314e9559cea3a
2. Admission and Tuition,,2.1 Application Process,https://www.byupathway.edu/policies/handbook/2-1-application-process-re,./data/html/-Application-Process.html,html,5184d2e1cb04631b6d6f20fd6e24b85a31afa1144f6f0ab93071edc8d6018ce4
2. Admission and Tuition,,2.2 Admission Requirements,https://www.byupathway.edu/policies/handbook/2-2-admission-requirements-re,./data/html/-Admission-Requirements.html,html,6a242f7a273fc48ab38149aeac6d3bf4f9f756019daa7316470b6d6b1d345375
2. Admission and Tuition,,2.3 English Placement Assessment,https://www.byupathway.edu/policies/handbook/2-3-english-placement-assessment-re,./data/html/-English-Placement-Assessment.html,html,9f963965c952301dfa82069f14ade0669e12f1c54728fa5d29e8fd352e5a9270
2. Admission and Tuition,,2.4 Tuition & Financial Aid,https://www.byupathway.edu/policies/handbook/2-4-tuition-financial-aid-re,./data/html/-Tuition--Financial-Aid.html,html,ca1c4abe211d99c8f662e55ce08bd4d80a5c8e537ad1d143f47981a6c67bf414
2. Admission and Tuition,,2.5 Returning Students,https://www.byupathway.edu/policies/handbook/2-5-returning-students-re,./data/html/-Returning-Students.html,html,84eaeeb478b24a0afd2ffecec1d54d22c98a3086ecf92760957dafc9b90d0084
3. Courses and Registration,,3.1 Course Registration Process,https://www.byupathway.edu/policies/handbook/3-1-course-registration-process-re,./data/html/-Course-Registration-Process.html,html,2b347518659e66065efc06c939e0720b692173d2c94b97f757c8d8238155520c
3. Courses and Registration,,3.2 Courses & Sequences,https://www.byupathway.edu/policies/handbook/3-2-courses-sequences-re,./data/html/-Courses--Sequences.html,html,e363169026ea1781e3a4efaddc477d17abdb5b9dc829e57a6f90b957c4efa8e9
3. Courses and Registration,,3.3 Course Auditing,https://www.byupathway.edu/policies/handbook/3-3-course-auditing-re,./data/html/-Course-Auditing.html,html,29ae2bb3058e2395355eb7409b0db837ecb4dd3a2307a1bc435fb1136ef02e63
3. Courses and Registration,,3.4 Course Retakes and Returning Students,https://www.byupathway.edu/policies/handbook/3-4-course-retakes-and-returning-students-re,./data/html/-Course-Retakes-and-Returning-Students.html,html,9dd7a0ff15eb69404ee1acc104a6e839c934fffafb0b11df6ded959cfe4715df
3. Courses and Registration,,3.5 BYU-Idaho Course Exceptions,https://www.byupathway.edu/policies/handbook/3-5-byu-idaho-course-exceptions-re,./data/html/-BYU-Idaho-Course-Exceptions.html,html,da28fd8b4ef49b854405395330520ba0a6563c9a4d7bd38f2bc691e2e7dbc9c0
3. Courses and Registration,,3.6 Withdrawing from PathwayConnect,https://www.byupathway.edu/policies/handbook/3-6-withdrawing-from-pathwayconnect-re,./data/html/-Withdrawing-from-PathwayConnect.html,html,c69ed18609a4b7f3afb2b952630b7a5d6a6d053a71ad6284acca64853638e01d
3. Courses and Registration,,3.7 Non-Participating Students,https://www.byupathway.edu/policies/handbook/3-7-non-participating-students-re,./data/html/-Non-Participating-Students.html,html,27f91dba4637b4828d8099b6732e5754a6e9fd555f3fecdee8ca19f84ea8794b
3. Courses and Registration,,3.8 Students in Active Military Service,https://www.byupathway.edu/policies/handbook/3-8-students-in-active-military-service-re,./data/html/-Students-in-Active-Military-Service.html,html,e609fb75c8624ebdd66e51ca1569dd466dd0b6d64fad04c7d104baa93af148e3
3. Courses and Registration,,3.9 Students Going on Full-time Missions,https://www.byupathway.edu/policies/handbook/3-9-students-going-on-full-time-missions-re,./data/html/-Students-Going-on-Full-time-Missions.html,html,3ea2c57d8536fa91f3a6729cf3fe4335209460248b2e2e24ab8a1afa73e984f6
4. Sites and Groups,,4.1 PathwayConnect Sites,https://www.byupathway.edu/policies/handbook/4-1-pathwayconnect-sites-re,./data/html/-PathwayConnect-Sites.html,html,968117b2baa2209018ec22bdcccc8c302356089bc13b0d76b5cbf5498249f30a
4. Sites and Groups,,4.2 PathwayConnect Groups,https://www.byupathway.edu/policies/handbook/4-2-pathwayconnect-groups-re,./data/html/-PathwayConnect-Groups.html,html,8958d3e1a2667acd755f32a54e70d450858fddcb248f2e8c136e397c8e3d9ab3
5. Gatherings,,5. Gatherings,https://www.byupathway.edu/policies/handbook/5-gatherings-re,./data/html/-Gatherings.html,html,5f6991872a887397797ff370f88e391365910c5d7c356de00047879b64f25d45
5. Gatherings,,5.1 Gathering Schedule,https://www.byupathway.edu/policies/handbook/5-1-gathering-schedule-re,./data/html/-Gathering-Schedule.html,html,d1bfe3c20bfbf2139c0fa7de6b8c1978a72bb2853a35192a5f1bf597a3d48fc9
5. Gatherings,,5.2 Gathering Calendar,https://www.byupathway.edu/policies/handbook/5-2-gathering-calendar-re,./data/html/-Gathering-Calendar.html,html,f9c3149096224f477c5d80bf0346b44d47d246543d386074db9846687ff3866f
5. Gatherings,,5.3 Gathering Location,https://www.byupathway.edu/policies/handbook/5-3-gathering-location-re,./data/html/-Gathering-Location.html,html,d92b2e97b2b5e19a62f98d5112965b9572507e2b2cc7eba12f6c56a593f7c8d0
5. Gatherings,,5.4 Facilitating the Gathering,https://www.byupathway.edu/policies/handbook/5-4-facilitating-the-gathering-re,./data/html/-Facilitating-the-Gathering.html,html,fa842ef2b9c9166a06c4e86995232ad7f660d511a537caf50eca45cfe47f9603
5. Gatherings,,5.5 Gathering Standards,https://www.byupathway.edu/policies/handbook/5-5-gathering-standards-edu,./data/html/-Gathering-Standards.html,html,176677f1b69884637a999abe5d285bf9344f815eb0ddf1fcd3d79eacbeb74666
6. Student Records,,6. Student Records,https://www.byupathway.edu/policies/handbook/6-student-records-ed,./data/html/-Student-Records.html,html,2e3ffe0d578d6b86fb315d0e3661ddb5c6b0b394447bb6d02bfef64738a617c8
6. Student Records,,6.1 Transcripts,https://www.byupathway.edu/policies/handbook/6-1-transcripts-ed,./data/html/-Transcripts.html,html,73f658afa86ba1998f534dcf599f5f450829bf1ed6875ce5afa2ff6aee48fab9
6. Student Records,,6.2 Grading System & GPA,https://www.byupathway.edu/policies/handbook/6-2-grading-system-gpa-ed,./data/html/-Grading-System--GPA.html,html,8796378376f151ab535829a574add9a1153c1025f7141094ea447be2a44a13d6
6. Student Records,,6.3 Credits & Courses,https://www.byupathway.edu/policies/handbook/6-3-credits-courses-ed,./data/html/-Credits--Courses.html,html,31e9b88339c626753e30240296fe386fbe0f350983dd76d11d5c036dc163f173
6. Student Records,,6.4 Pathway Certificates,https://www.byupathway.edu/policies/handbook/6-4-pathway-certificates-ed,./data/html/-Pathway-Certificates.html,html,86b4c8d02a46aabec06fe8668b290cb75786f68dcc1ee91547b0598f8d8fdb86
6. Student Records,,6.5 Confidentiality of Student Records,https://www.byupathway.edu/policies/handbook/6-5-confidentiality-of-student-records-ed,./data/html/-Confidentiality-of-Student-Records.html,html,ded1515eb93c87452898797098b4368eb7fa333c88b057ae6edf8ca52453653d
6. Student Records,,6.6 Other Policies & Procedures,https://www.byupathway.edu/policies/handbook/6-6-other-policies-procedures-ed,./data/html/-Other-Policies--Procedures.html,html,b7640f04dedc0b3b9bf90a0b4b72fab0c85be95be5e7c0188db5796d6a478041
7. Leadership and Roles,,7. Leadership and Roles,https://www.byupathway.edu/policies/handbook/7-leadership-and-roles-e,./data/html/-Leadership-and-Roles.html,html,e80a470ac7fe12143191a6509372f9d52bca7157b42ad29ad5cf8fd36d91565a
7. Leadership and Roles,,7.1 Role of Local Leaders,https://www.byupathway.edu/policies/handbook/7-1-role-of-local-leaders-ed,./data/html/-Role-of-Local-Leaders.html,html,b00e1085675978bfa7a13953eb8126f2491e17a3c2309f1d2a11a084ff027311
7. Leadership and Roles,,7.2 Role of Service Missionaries,https://www.byupathway.edu/policies/handbook/7-2-role-of-service-missionaries-ed,./data/html/-Role-of-Service-Missionaries.html,html,83dbd635ecf28a93e0e9dc445761dc3b80d8a3e36962fb832cecb8e7e1916c41
7. Leadership and Roles,,7.3 Role of BYU-Idaho,https://www.byupathway.edu/policies/handbook/7-3-role-of-byu-idaho-ed,./data/html/-Role-of-BYU-Idaho.html,html,f1ec619fd0d87d318a502621bc044d9e09b3ee8d6840551aa345f7af3581e97b
7. Leadership and Roles,,7.4 Role of PathwayConnect Administration,https://www.byupathway.edu/policies/handbook/7-4-role-of-pathwayconnect-administration-ed,./data/html/-Role-of-PathwayConnect-Administration.html,html,975a8cf6089ed4ad76d8fb1d13dbc372f51340c2ec12282419a702f2f39f662f
8. Services,,8. Services,https://www.byupathway.edu/policies/handbook/8-1-byu-pathway-support-ed,./data/html/-Services.html,html,8e758b306009b394070d89270c9b6bc458abd705ba1dfb4c1925795e73da055c
8. Services,,8.1 BYU-Pathway Support,https://www.byupathway.edu/policies/handbook/8-1-byu-pathway-support-e,./data/html/-BYU-Pathway-Support.html,html,364e99b1322a9806b7dda0bd97eee0aa7c36a4397121cb7601317d7a3f2f7fa3
8. Services,,8.2 Tutoring,https://www.byupathway.edu/policies/handbook/8-2-tutoring-ed,./data/html/-Tutoring.html,html,15934d3d7b9f635d72d905ae6e882a83672ddaeb3718afab3a3d84d85dae2cdb
8. Services,,8.3 Assistance for Students with Disabilities,https://www.byupathway.edu/policies/handbook/8-3-assistance-for-students-with-disabilities-ed,./data/html/-Assistance-for-Students-with-Disabilities.html,html,756ee20fdd19156def19dedfd807097445a2f93ac003f00cd4828ea1147aa703
8. Services,,8.4 Services Not Available,https://www.byupathway.edu/policies/handbook/8-4-services-not-available-ed,./data/html/-Services-Not-Available.html,html,d9c6402d8f18ad30642adc123f613cc83cdd87bf473feb1c83a79f0cebdadb6a
9. Student Honor,,9.1 Honor Code,https://www.byupathway.edu/policies/handbook/9-1-honor-code-r,./data/html/-Honor-Code.html,html,a43693f77013dc201c36337af39d306faf3562d725de54f04dcfbb5da2fd9d1d
9. Student Honor,,9.2 Procedures for Handling Misconduct,https://www.byupathway.edu/policies/handbook/9-2-procedures-for-handling-misconduct-r,./data/html/-Procedures-for-Handling-Misconduct.html,html,b76d4d9b8ac7d6855272e5589e2a90d9fbab94f035383eb0cc380ef493cb6cfe
10. After PathwayConnect,,10. After PathwayConnect,https://www.byupathway.edu/policies/handbook/10-after-pathwayconnect-r,./data/html/-After-PathwayConnect.html,html,032cc1d0fc3ea056698fc284edd708d6d6dc1a0b555ab1f9a5376e56fe4da8dd
10. After PathwayConnect,,10.1 Online Certificates and Degrees,https://www.byupathway.edu/policies/handbook/10-1-online-certificates-and-degrees-r,./data/html/-Online-Certificates-and-Degrees.html,html,7b01d16e25400f554b751f2c78f175b3846e7cc5af1c26cca3e8857745e86f3b
10. After PathwayConnect,,10.2 Local Options,https://www.byupathway.edu/policies/handbook/10-2-local-options-r,./data/html/-Local-Options.html,html,bb9d30dc1508bd77519ec2991ab3070d8883153fe18e9bbb991992dc254403e3
11. Communication and Marketing,,11.1 BYU-Pathway Worldwide Website,https://www.byupathway.edu/policies/handbook/11-1-byu-pathway-worldwide-website-r,./data/html/-BYU-Pathway-Worldwide-Website.html,html,43bc0a6d1741349e317141bb420dd46645060e5cc1bbe021886edca2759894cf
11. Communication and Marketing,,11.2 PATH,https://www.byupathway.edu/policies/handbook/11-2-path-r,./data/html/-PATH.html,html,95127e49e76479cb89d22d177784d27f17d24a99ff70a1227949a00f11bff5a3
11. Communication and Marketing,,11.3 Email,https://www.byupathway.edu/policies/handbook/11-3-email-r,./data/html/-Email.html,html,829cfe8b72c3598e735d0286d79e404e99b551376d180933d6e79cb0d00092eb
11. Communication and Marketing,,11.4 Communication Resources,https://www.byupathway.edu/policies/handbook/11-4-communication-resources-r,./data/html/-Communication-Resources.html,html,0acea144ac3a3e9563c8d1450aa38f42f1e3270dee5fdd1e979c2ec228eb9104
11. Communication and Marketing,,11.5 Marketing Materials,https://www.byupathway.edu/policies/handbook/11-5-marketing-materials-r,./data/html/-Marketing-Materials.html,html,55459670c2beca4c9963068e5f2fc9dfa405ee101129c978698c9a7e87d00c26
12. Local Adaption,,12. Local Adaption,https://www.byupathway.edu/policies/handbook/12-local-adaption-r,./data/html/-Local-Adaption.html,html,ade8d7496bd4114fb8f8296a556fd52172741e858a17a08acf3de8d7496a629c
Block,,International Area Transitioning to Block a Guide.pdf,https://missionaries.prod.byu-pathway.psdops.com/International-Area-Transitioning-to-Block-a-Guide,./data/pdf/International-Area-Transitioning-to-Block-a-Guidepdf.pdf,pdf,36a593efdf8d8d65ccf69fbffd91fc181cc90ef9c09138ee66567e55755a0bdd
Block,,PathwayConnect Curriculum and Block.pdf,https://missionaries.prod.byu-pathway.psdops.com/PathwayConnect-Curriculum-and-Block,./data/pdf/PathwayConnect-Curriculum-and-Blockpdf.pdf,pdf,e019cf9f38adfc5492071e5bc1916c56b878f997567a3eeb59c264c258d41e78
Block,,PC 103 Block Pilot Spring 2022.pdf,https://missionaries.prod.byu-pathway.psdops.com/PC-103-Block-Pilot-Spring-2022,./data/pdf/PC--Block-Pilot-Spring-pdf.pdf,pdf,73393eb6085b5b0f58d6d29511308ad6462e3f003f1ee3f4c5e41515ccb09088
Missionary Processes,Vetting ACMs,ACM Vetting Recommendation Instructions.pdf,https://missionaries.prod.byu-pathway.psdops.com/ACM-Vetting-Recommendation-Instructions,./data/pdf/ACM-Vetting-Recommendation-Instructionspdf.pdf,pdf,c31161dac82b21d0da05b434fa1b04c0ff64baa510a641c4fbff666f77048a3e
Missionary Processes,Vetting New Missioanries,Vetting New Missionary Instructions.pdf,https://missionaries.prod.byu-pathway.psdops.com/Vetting-New-Missionary-Instructions,./data/pdf/Vetting-New-Missionary-Instructionspdf.pdf,pdf,90f02d307234a8808d918840a38234d84d8a4171d5c949881f92861b9a8167cd
Missionary Software & Uses,CRM,Creating a New Ticket.pdf,https://missionaries.prod.byu-pathway.psdops.com/Creating-a-New-Ticket,./data/pdf/Creating-a-New-Ticketpdf.pdf,pdf,080431477cd6820e6a089948ef9828d5b7297ac97b7fa40d641c2203fed0e28b
Missionary Software & Uses,CRM,CRM Checking Ticket Results.pdf,https://missionaries.prod.byu-pathway.psdops.com/CRM-Checking-Ticket-Results,./data/pdf/CRM-Checking-Ticket-Resultspdf.pdf,pdf,226e280aa27fe3a9c06860b04e730ed518bcd178696c507417a213f316c4e4c0
Missionary Software & Uses,CRM,How to Create a New Ticket,https://missionaries.prod.byu-pathway.psdops.com/Creating-a-New-Ticket,./data/pdf/How-to-Create-a-New-Ticket.pdf,pdf,080431477cd6820e6a089948ef9828d5b7297ac97b7fa40d641c2203fed0e28b
Missionary Software & Uses,CRM,Student Issue Escalation Process.pdf,https://missionaries.prod.byu-pathway.psdops.com/Student-Issue-Escalation-Process,./data/pdf/Student-Issue-Escalation-Processpdf.pdf,pdf,cc1ccc30c7dedfff40f592301a6ac43ac262dacee36ea0896539fa644e2427a1
Missionary Software & Uses,PATH for Area Coordination Missionaries (ACMs),Closing a Site.pdf,https://missionaries.prod.byu-pathway.psdops.com/Closing-a-Site,./data/pdf/Closing-a-Sitepdf.pdf,pdf,8c74444253c3a5cc657f77365de3f42a71dcf2d6503457473142bdb19e6043f4
Missionary Software & Uses,PATH for Area Coordination Missionaries (ACMs),Creating a New Site in PATH.pdf,https://missionaries.prod.byu-pathway.psdops.com/Creating-a-New-Site-in-PATH,./data/pdf/Creating-a-New-Site-in-PATHpdf.pdf,pdf,159ef41559185641478e573ffadef29637d485366b1ce84499471d3bd067f91d
Missionary Software & Uses,PATH for Area Coordination Missionaries (ACMs),Path Reorg.pdf,https://missionaries.prod.byu-pathway.psdops.com/Path-Reorg,./data/pdf/Path-Reorgpdf.pdf,pdf,2d230f10693d1d32b5fb7e601446627bee2eb25975350c3c9cf6a8bd935d551b
Missionary Software & Uses,PATH for Area Coordination Missionaries (ACMs),Accessing Your Student List in PATH.pdf,https://missionaries.prod.byu-pathway.psdops.com/Accessing-Your-Student-List-in-PATH,./data/pdf/Accessing-Your-Student-List-in-PATHpdf.pdf,pdf,551f22ed4cb576ade5b7dcd506c089bd67ff62006ea1787d64539b9d685a3b27
Missionary Software & Uses,PATH for Area Coordination Missionaries (ACMs),Adjusting for Daylight Savings Time.pdf,https://missionaries.prod.byu-pathway.psdops.com/Adjusting-for-Daylight-Savings-Time,./data/pdf/Adjusting-for-Daylight-Savings-Timepdf.pdf,pdf,52b9aab2ddf538e68de28f0ff10160f9984a15eaad6c5db9db4cf0fcb3d8566b
Missionary Software & Uses,PATH for Area Coordination Missionaries (ACMs),Approving Units-Stakes for Virtual Locations.pdf,https://missionaries.prod.byu-pathway.psdops.com/Approving-Units-Stakes-for-Virtual-Locations,./data/pdf/Approving-Units-Stakes-for-Virtual-Locationspdf.pdf,pdf,e206ea12ab6f23724332c39fb79d668b32aea0b4d4159f3de9a0d0d6103cb2da
Missionary Software & Uses,PATH for Area Coordination Missionaries (ACMs),Assign a Role to a Missionary.pdf,https://missionaries.prod.byu-pathway.psdops.com/Assign-a-Role-to-a-Missionary,./data/pdf/Assign-a-Role-to-a-Missionarypdf.pdf,pdf,cb019324aa0c5811903f8fcc7446be87a1323bd09fae59bf5c6b427292655d27
Missionary Software & Uses,PATH for Area Coordination Missionaries (ACMs),Assign the Church Unit Detail Role.pdf,https://missionaries.prod.byu-pathway.psdops.com/Assign-the-Church-Unit-Detail-Role,./data/pdf/Assign-the-Church-Unit-Detail-Rolepdf.pdf,pdf,ff53405ca0ba9e0aa11623bc8d97e54d7c45726be1495318e9f43ec9e16f7a3c
Missionary Software & Uses,PATH for Area Coordination Missionaries (ACMs),Assigning Missionaries to a Group.pdf,https://missionaries.prod.byu-pathway.psdops.com/Assigning-Missionaries-to-a-Group,./data/pdf/Assigning-Missionaries-to-a-Grouppdf.pdf,pdf,aae79f05638b05d846e6cff030b7610d2a37d876ed1a67cb258fe04fd3a6b614
Missionary Software & Uses,PATH for Area Coordination Missionaries (ACMs),Assigning Students from the Unassigned List.pdf,https://missionaries.prod.byu-pathway.psdops.com/Assigning-Students-from-the-Unassigned-List,./data/pdf/Assigning-Students-from-the-Unassigned-Listpdf.pdf,pdf,ba85e81d3473f0484fdba8dc2d07cc312223d93aa87cf0b65a0f8c9aa715248a
Missionary Software & Uses,PATH for Area Coordination Missionaries (ACMs),Check a Learner's ELA Scores.pdf,https://missionaries.prod.byu-pathway.psdops.com/Check-a-Learner's-ELA-Scores,./data/pdf/Check-a-Learners-ELA-Scorespdf.pdf,pdf,aaa25dbe8ae99c3b272ddf8c21ee17a2958a1bb433e72c39133c9e7200c57316
Missionary Software & Uses,PATH for Area Coordination Missionaries (ACMs),Closing or Deprecating a Group.pdf,https://missionaries.prod.byu-pathway.psdops.com/Closing-or-Deprecating-a-Group,./data/pdf/Closing-or-Deprecating-a-Grouppdf.pdf,pdf,e5169dfca4d330c4c7531d1a6650694d73ebf6942324b17cb53a8c71dd21d68d
Missionary Software & Uses,PATH for Area Coordination Missionaries (ACMs),Creating a New Group.pdf,https://missionaries.prod.byu-pathway.psdops.com/Creating-a-New-Group,./data/pdf/Creating-a-New-Grouppdf.pdf,pdf,9ada08a2456095909fc79b0d018ba015ae7b37452f6241fd8ad6e7a9e13b473d
Missionary Software & Uses,PATH for Area Coordination Missionaries (ACMs),Designating Programs Active or Hidden.pdf,https://missionaries.prod.byu-pathway.psdops.com/Designating-Programs-Active-or-Hidden,./data/pdf/Designating-Programs-Active-or-Hiddenpdf.pdf,pdf,8ed5840d5887c9770a997ff1df53b0833fc42d457a9d30f13bf57429585e6d5d
Missionary Software & Uses,PATH for Area Coordination Missionaries (ACMs),Email Data Privacy.pdf,https://missionaries.prod.byu-pathway.psdops.com/Email-Data-Privacy,./data/pdf/Email-Data-Privacypdf.pdf,pdf,d0ef951f410d589a4542339975419d0cbdec89dd48ff67da41f45b6b40e1ae20
Missionary Software & Uses,PATH for Area Coordination Missionaries (ACMs),Find a Learner's Enrollment Information.pdf,https://missionaries.prod.byu-pathway.psdops.com/Find-a-Learner's-Enrollment-Information,./data/pdf/Find-a-Learners-Enrollment-Informationpdf.pdf,pdf,5426fa341c61363d580e1f60f31e21beb30c210d572c5fd87a7dd0bc91efc182
Missionary Software & Uses,PATH for Area Coordination Missionaries (ACMs),Find a Learner's ID Number.pdf,https://missionaries.prod.byu-pathway.psdops.com/Find-a-Learner's-ID-Number,./data/pdf/Find-a-Learners-ID-Numberpdf.pdf,pdf,62c6a56d7e348b2cd228e842920b3a66ab46b23c7df42a1468209aa5ee4dbbf6
Missionary Software & Uses,PATH for Area Coordination Missionaries (ACMs),Find a Learner's Personal Information.pdf,https://missionaries.prod.byu-pathway.psdops.com/Find-a-Learner's-Personal-Information,./data/pdf/Find-a-Learners-Personal-Informationpdf.pdf,pdf,dd1f7d52d2bd961f44805a5c7bccc14d373542c698709a4f9d0aa8f4b9f140f1
Missionary Software & Uses,PATH for Area Coordination Missionaries (ACMs),Find a Learner's Tuition Payment and Balance.pdf,https://missionaries.prod.byu-pathway.psdops.com/Find-a-Learner's-Tuition-Payment-and-Balance,./data/pdf/Find-a-Learners-Tuition-Payment-and-Balancepdf.pdf,pdf,b441a4a1cc50d0b5f7232dbb2770b26d745e26a918256348ff4756694b4627a4
Missionary Software & Uses,PATH for Area Coordination Missionaries (ACMs),Find a Student's Contact Information.pdf,https://missionaries.prod.byu-pathway.psdops.com/Find-a-Student-Contact-Information,./data/pdf/Find-a-Students-Contact-Informationpdf.pdf,pdf,9a6b5e3f53d7c761820d54a6f35b4d05bf0206b083428e5742e2605a66a5dacc
Missionary Software & Uses,PATH for Area Coordination Missionaries (ACMs),Find a Student's ID Number.pdf,https://missionaries.prod.byu-pathway.psdops.com/Find-a-Students-ID-Number,./data/pdf/Find-a-Students-ID-Numberpdf.pdf,pdf,57c5cb05ec25539f978ac012240f1d1366a1c2828d319037cf66a3e9b953013d
Missionary Software & Uses,PATH for Area Coordination Missionaries (ACMs),Find Student Information.pdf,https://missionaries.prod.byu-pathway.psdops.com/Find-Student-Information,./data/pdf/Find-Student-Informationpdf.pdf,pdf,24d2d0ff758566f82dc005930865c726391798e434ec8b3c5235438c1bde99dd
Missionary Software & Uses,PATH for Area Coordination Missionaries (ACMs),Find Student Personal Information.pdf,https://missionaries.prod.byu-pathway.psdops.com/Find-Student-Personal-Information,./data/pdf/Find-Student-Personal-Informationpdf.pdf,pdf,ab74eca29a41d76d95641290b4452d4c024c708b106cf5f157eee0db6d69ab3f
Missionary Software & Uses,PATH for Area Coordination Missionaries (ACMs),Find Tuition Balance and Payments.pdf,https://missionaries.prod.byu-pathway.psdops.com/Find-Tuition-Balance-and-Payments,./data/pdf/Find-Tuition-Balance-and-Paymentspdf.pdf,pdf,3a459b0ba7f3bcc9b7153329ce9d36edd969e7961d9201bab7f2d4c5321793b6
Missionary Software & Uses,PATH for Area Coordination Missionaries (ACMs),Finding Learner Information EC3.pdf,https://missionaries.prod.byu-pathway.psdops.com/Finding-Learner-Information-EC3,./data/pdf/Finding-Learner-Information-ECpdf.pdf,pdf,47d5e7b10d19628972acc6734d02e20d8ef0446202f76264e12d196533c42191
Missionary Software & Uses,PATH for Area Coordination Missionaries (ACMs),Finding Student Information in PATH,https://missionaries.prod.byu-pathway.psdops.com/Finding-Student-Information-in-PATH%E2%80%8B,./data/pdf/Finding-Student-Information-in-PATH.pdf,pdf,4279b48ea874295fb6c83852e953ae7eb917dda4cce97c9f430b5350ff482e15
Missionary Software & Uses,PATH for Area Coordination Missionaries (ACMs),Finding Students with Duplicate Path Accounts.pdf,https://missionaries.prod.byu-pathway.psdops.com/Finding-Students-with-Duplicate-Path-Accounts,./data/pdf/Finding-Students-with-Duplicate-Path-Accountspdf.pdf,pdf,509a14ab065689652d95ec01bf4acfb9e90ad8c0d90aca749668b0db3308edb8
Missionary Software & Uses,PATH for Area Coordination Missionaries (ACMs),Finding Your Location in PATH EC3.pdf,https://missionaries.prod.byu-pathway.psdops.com/Finding-Your-Location-in-PATH-EC3,./data/pdf/Finding-Your-Location-in-PATH-ECpdf.pdf,pdf,6f86b6a1f0799bf8dfecd0852f7b56f33cbd926b83d80b0340be3d5d7735432d
Missionary Software & Uses,PATH for Area Coordination Missionaries (ACMs),Finding Your Location in PATH.pdf,https://missionaries.prod.byu-pathway.psdops.com/Finding-Your-Location-in-PATH,./data/pdf/Finding-Your-Location-in-PATHpdf.pdf,pdf,60042712587e5c9011a2acba1130c3d622b8c400e87acf8e5830f54b9d399a0b
Missionary Software & Uses,PATH for Area Coordination Missionaries (ACMs),How to Identify PC Enrolled Students That Should be in C&D.pdf,https://missionaries.prod.byu-pathway.psdops.com/How-to-Identify-PC-Enrolled-Students-That-Should-be-in-C&D,./data/pdf/How-to-Identify-PC-Enrolled-Students-That-Should-be-in-CDpdf.pdf,pdf,5ccf920f09d41729e6eba1e7b37fa160bb421b847ef42f0995761b50d8ebae56
Missionary Software & Uses,PATH for Area Coordination Missionaries (ACMs),How to Log into PATH.pdf,https://missionaries.prod.byu-pathway.psdops.com/How-to-Log-into-PATH,./data/pdf/How-to-Log-into-PATHpdf.pdf,pdf,2ccba6db3b36d7151c61981fe722803e0783a1bdba4bf3dad794c29c465456dd
Missionary Software & Uses,PATH for Area Coordination Missionaries (ACMs),Impersonating a Student in PC.pdf,https://missionaries.prod.byu-pathway.psdops.com/Impersonating-a-Student-in-PC,./data/pdf/Impersonating-a-Student-in-PCpdf.pdf,pdf,04d71cc5ad44b33ead57b27734eba99aff9a156100bc7a74afe1d41cca64e624
Missionary Software & Uses,PATH for Area Coordination Missionaries (ACMs),Locate a Student's Enrollment Record.pdf,https://missionaries.prod.byu-pathway.psdops.com/Locate-a-Student's-Enrollment-Record,./data/pdf/Locate-a-Students-Enrollment-Recordpdf.pdf,pdf,b927ccd5fe5cf59b45a2f16af023278b15020070a37cbcdbc7c92ffe887700f9
Missionary Software & Uses,PATH for Area Coordination Missionaries (ACMs),Locate Learner Information.pdf,https://missionaries.prod.byu-pathway.psdops.com/Locate-Learner-Information,./data/pdf/Locate-Learner-Informationpdf.pdf,pdf,572e44864902a350c9f6d6bee344dc4b2a60057a585847fdef124ddd86cefab5
Missionary Software & Uses,PATH for Area Coordination Missionaries (ACMs),Modify a Student Name for a Completion Certificate.pdf,https://missionaries.prod.byu-pathway.psdops.com/Modify-a-Student-Name-for-a-Completion-Certificate,./data/pdf/Modify-a-Student-Name-for-a-Completion-Certificatepdf.pdf,pdf,7f58918c2b40fa49328edb70a734b2c590020caa936977210f1942d282c2ff43
Missionary Software & Uses,PATH for Area Coordination Missionaries (ACMs),Monitoring Missionary End Dates in PATH.pdf,https://missionaries.prod.byu-pathway.psdops.com/Monitoring-Missionary-End-Dates-in-PATH,./data/pdf/Monitoring-Missionary-End-Dates-in-PATHpdf.pdf,pdf,8992258124debf943ea2da9d442c0aaec7e5004312c842786ccb15a9f7f44ea6
Missionary Software & Uses,PATH for Area Coordination Missionaries (ACMs),Monitoring Student Progress.pdf,https://missionaries.prod.byu-pathway.psdops.com/Monitoring-Student-Progress,./data/pdf/Monitoring-Student-Progresspdf.pdf,pdf,93f8666f486d75516787ccdb6fbce06172cbf6833bc2879118b8a5027abc4c29
Missionary Software & Uses,PATH for Area Coordination Missionaries (ACMs),Moving a Missionary to a New Location.pdf,https://missionaries.prod.byu-pathway.psdops.com/Moving-a-Missionary-to-a-New-Location,./data/pdf/Moving-a-Missionary-to-a-New-Locationpdf.pdf,pdf,8901bab0f91b005d5ee06cbc41eada9d749e44e98f113a6cdbdd0f81027698fb
Missionary Software & Uses,PATH for Area Coordination Missionaries (ACMs),Organizing PATH for your area.pdf,https://missionaries.prod.byu-pathway.psdops.com/Organizing-PATH-for-your-area,./data/pdf/Organizing-PATH-for-your-areapdf.pdf,pdf,6a43caceff108d57df3ca84f337ba118444dd1a539fbc6576ac00ba8af9fb07d
Missionary Software & Uses,PATH for Area Coordination Missionaries (ACMs),Overview of Location Details Page.pdf,https://missionaries.prod.byu-pathway.psdops.com/Overview-of-Location-Details-Page,./data/pdf/Overview-of-Location-Details-Pagepdf.pdf,pdf,1c7a15cfcd93ae833d3cd14516cb64cf4274e4165eebb6c520c997b053df947f
Missionary Software & Uses,PATH for Area Coordination Missionaries (ACMs),PATH Group Naming Convention.pdf,https://missionaries.prod.byu-pathway.psdops.com/PATH-Group-Naming-Convention,./data/pdf/PATH-Group-Naming-Conventionpdf.pdf,pdf,9e7a37d33592ea279db8d6c27b8da67f648d70786d76c3cd1c80b98a8730b018
Missionary Software & Uses,PATH for Area Coordination Missionaries (ACMs),PATH Overview.pdf,https://missionaries.prod.byu-pathway.psdops.com/PATH-Overview,./data/pdf/PATH-Overviewpdf.pdf,pdf,156dbb473a9d7ca5ef2209a0437141b8c8472cf9349b4782e93a02360670ced1
Missionary Software & Uses,PATH for Area Coordination Missionaries (ACMs),PATH Walkthrough.pdf,https://missionaries.prod.byu-pathway.psdops.com/PATH-Walkthrough,./data/pdf/PATH-Walkthroughpdf.pdf,pdf,f59cd5ce920c99171e5aa187688314128e328215ba7b3c0bd5f9a440d17dad59
Missionary Software & Uses,PATH for Area Coordination Missionaries (ACMs),PC - Finding Student Information.pdf,https://missionaries.prod.byu-pathway.psdops.com/PC-Finding-Student-Information,./data/pdf/PC---Finding-Student-Informationpdf.pdf,pdf,7fbc84933b34f03b399a23810f23867815a8ae16b60bf4cfc5f1dd73da3b41c7
Missionary Software & Uses,PATH for Area Coordination Missionaries (ACMs),Printing an Individual Certificate of Completion.pdf,https://missionaries.prod.byu-pathway.psdops.com/Printing-an-Individual-Certificate-of-Completion,./data/pdf/Printing-an-Individual-Certificate-of-Completionpdf.pdf,pdf,479fdb2bebacad0ef2f25c71b7122016b8c7dc4afcc24dcae983920b7402e983
Missionary Software & Uses,PATH for Area Coordination Missionaries (ACMs),Restructuring Your Area in PATH.pdf,https://missionaries.prod.byu-pathway.psdops.com/Restructuring-Your-Area-in-PATH,./data/pdf/Restructuring-Your-Area-in-PATHpdf.pdf,pdf,4a5d8848eaa866053168f0ef670b70e95842e78e7a1f48b0bab5308575e63f88
Missionary Software & Uses,PATH for Area Coordination Missionaries (ACMs),Send a Group Email.pdf,https://missionaries.prod.byu-pathway.psdops.com/Send-a-Group-Email,./data/pdf/Send-a-Group-Emailpdf.pdf,pdf,6f69cf8b78f777188cf9084acafd0adfe1fab818df7da41f254fdedf5ea25f3f
Missionary Software & Uses,PATH for Area Coordination Missionaries (ACMs),Student Finance Information.pdf,https://missionaries.prod.byu-pathway.psdops.com/Student-Finance-Information,./data/pdf/Student-Finance-Informationpdf.pdf,pdf,9c1fdfc35bdd666673d6d2d9eaef3e2b5a1c01037493ac752db6c27242b12a50
Missionary Software & Uses,PATH for Area Coordination Missionaries (ACMs),Student Online Enrollment Information .pdf,https://missionaries.prod.byu-pathway.psdops.com/Student-Online-Enrollment-Information,./data/pdf/Student-Online-Enrollment-Information-pdf.pdf,pdf,7a6adbceabdfcdf141a4987160462f9127b4809a412fc1766b16b8553e3282e8
Missionary Software & Uses,PATH for Area Coordination Missionaries (ACMs),Student Transfer FAQ.pdf,https://missionaries.prod.byu-pathway.psdops.com/Student-Transfer-FAQ,./data/pdf/Student-Transfer-FAQpdf.pdf,pdf,8ad89e4c99c661b12db943d6f806ab620ac806be244d8bc60a2cbdc78ab138df
Missionary Software & Uses,PATH for Area Coordination Missionaries (ACMs),Transferring a Student to a Different Area.pdf,https://missionaries.prod.byu-pathway.psdops.com/Transferring-a-Student-to-a-Different-Area,./data/pdf/Transferring-a-Student-to-a-Different-Areapdf.pdf,pdf,84ec328329610dade090df314cc8e9d3880a3abd67d2fa62421081a3175db988
Missionary Software & Uses,PATH for Area Coordination Missionaries (ACMs),Transferring a Student to a Different Location.pdf,https://missionaries.prod.byu-pathway.psdops.com/Transferring-a-Student-to-a-Different-Location,./data/pdf/Transferring-a-Student-to-a-Different-Locationpdf.pdf,pdf,2ed0bbcd6cabd84553b9ad234658cc445b72771d6ecf7848aad3669120d594e6
Missionary Software & Uses,PATH for Area Coordination Missionaries (ACMs),Transferring a Student to a Different Program.pdf,https://missionaries.prod.byu-pathway.psdops.com/Transferring-a-Student-to-a-Different-Program,./data/pdf/Transferring-a-Student-to-a-Different-Programpdf.pdf,pdf,5982f54ac418a1f96169243a85e9e48d0222cd71581456054337ec3392828f4d
Missionary Software & Uses,PATH for Area Coordination Missionaries (ACMs),Transferring a Student within a Location.pdf,https://missionaries.prod.byu-pathway.psdops.com/Transferring-a-Student-within-a-Location,./data/pdf/Transferring-a-Student-within-a-Locationpdf.pdf,pdf,bd2b8693471d0bd4fcf7c5a73e8ec248e1ef40a10895e9b89ce4baf2e2970025
Missionary Software & Uses,PATH for Area Coordination Missionaries (ACMs),Understanding the Groups Page EC3.pdf,https://missionaries.prod.byu-pathway.psdops.com/Understanding-the-Groups-Page-EC3,./data/pdf/Understanding-the-Groups-Page-ECpdf.pdf,pdf,2d15e06a1c63ade6feb73cc1b65081a0782e94964752185db1653ccef615744c
Missionary Software & Uses,PATH for Area Coordination Missionaries (ACMs),Updating Personal Information.pdf,https://missionaries.prod.byu-pathway.psdops.com/Updating-Personal-Information,./data/pdf/Updating-Personal-Informationpdf.pdf,pdf,56e414ede5149b19bea8877b0c4fd325b98a2a5cdd54061cf67282330c1fafa6
Missionary Software & Uses,PATH for Area Coordination Missionaries (ACMs),Using the PATH Search Feature EC3.pdf,https://missionaries.prod.byu-pathway.psdops.com/Using-the-PATH-Search-Feature-EC3,./data/pdf/Using-the-PATH-Search-Feature-ECpdf.pdf,pdf,9071d86f55457e50904c25b22fc041fec2f09ad7a0513b35cdbdd9448d622b18
Missionary Software & Uses,PATH for Area Coordination Missionaries (ACMs),Using the Site Location Directory.pdf,https://missionaries.prod.byu-pathway.psdops.com/Using-the-Site-Location-Directory,./data/pdf/Using-the-Site-Location-Directorypdf.pdf,pdf,70581baa9e8f95a82e5260310011150d90389f657b7e5840a7af33976d70ca10
Missionary Software & Uses,PATH for Area Coordination Missionaries (ACMs),Verify a Learner's Church Member Status.pdf,https://missionaries.prod.byu-pathway.psdops.com/Verify-a-Learner's-Church-Member-Status,./data/pdf/Verify-a-Learners-Church-Member-Statuspdf.pdf,pdf,fabf93efd5f2b6d98caf9bce8e4bedb6ba62efaa154fc64e44153a8f5d902731
Missionary Software & Uses,PATH for Area Coordination Missionaries (ACMs),Verify a Student's Church Membership Status.pdf,https://missionaries.prod.byu-pathway.psdops.com/Verify-a-Student's-Church-Membership-Status,./data/pdf/Verify-a-Students-Church-Membership-Statuspdf.pdf,pdf,643aee81b28d4a77367098849de350d7255135249e0c490b46e454b2e78566f8
Missionary Software & Uses,PATH for Area Coordination Missionaries (ACMs),Verify Completion of a Background Check.pdf,https://missionaries.prod.byu-pathway.psdops.com/Verify-Completion-of-a-Background-Check,./data/pdf/Verify-Completion-of-a-Background-Checkpdf.pdf,pdf,9df9c852d74ce8733db0690632199c0965ff36da4a9a8c803888ed8b8e0a9fb0
Missionary Software & Uses,PATH for Area Coordination Missionaries (ACMs),Verify Member Recordl Number (MRN).pdf,https://missionaries.prod.byu-pathway.psdops.com/Verify-Member-Recordl-Number-MRN,./data/pdf/Verify-Member-Recordl-Number-MRNpdf.pdf,pdf,9480be6b206e740d07aa19c5317ee2b14891c9cd977f9476f57137faa999fc21
Missionary Software & Uses,PATH for Area Coordination Missionaries (ACMs),View a Student's English Pre-Assessment.pdf,https://missionaries.prod.byu-pathway.psdops.com/View-a-Student's-English-Pre-Assessment,./data/pdf/View-a-Students-English-Pre-Assessmentpdf.pdf,pdf,f3d5deef600a8539273bd222c74e61f80c38f8a7c0137a29b0a298ce8391e285
Missionary Software & Uses,PATH for Area Coordination Missionaries (ACMs),View Scholarships Received.pdf,https://missionaries.prod.byu-pathway.psdops.com/View-Scholarships-Received,./data/pdf/View-Scholarships-Receivedpdf.pdf,pdf,225e7001d5a7964de3b5b91e0e721dd4b1a76dd4e749776ede4fb652ce43e8d1
Missionary Software & Uses,PATH for Area Coordination Missionaries (ACMs),What is a Default Group.pdf,https://missionaries.prod.byu-pathway.psdops.com/What-is-a-Default-Group,./data/pdf/What-is-a-Default-Grouppdf.pdf,pdf,c1a3ab853a152ce8674fb271f031810b36e4fc603c9a1d7c383e34e23f664cbb
Missionary Software & Uses,Power BI,Basic Navigation of Power BI.pdf,https://missionaries.prod.byu-pathway.psdops.com/Basic-Navigation-of-Power-BI,./data/pdf/Basic-Navigation-of-Power-BIpdf.pdf,pdf,3be58fb0f4d6042af73e741db389db482e44c7316bbaf8f016f38ee61b869504
Missionary Software & Uses,Power BI,Check Enrollment Trends.pdf,https://missionaries.prod.byu-pathway.psdops.com/Check-Enrollment-Trends,./data/pdf/Check-Enrollment-Trendspdf.pdf,pdf,11561bb4bf68926a5f47f2e71d2fc52caa4f29af74dd1dc67260387da6595d2d
Missionary Software & Uses,Power BI,Checking Enrollment Trends.pdf,https://missionaries.prod.byu-pathway.psdops.com/Check-Enrollment-Trends,./data/pdf/Checking-Enrollment-Trendspdf.pdf,pdf,11561bb4bf68926a5f47f2e71d2fc52caa4f29af74dd1dc67260387da6595d2d
Missionary Software & Uses,Power BI,Download a Report.pdf,https://missionaries.prod.byu-pathway.psdops.com/Download-a-Report,./data/pdf/Download-a-Reportpdf.pdf,pdf,02364caedbb3912c082f0982dbcaa210b53c4a98f1450524ccea5028749bcb52
Missionary Software & Uses,Power BI,Finding & Using PowerBI Reports.pdf,https://missionaries.prod.byu-pathway.psdops.com/Finding-&-Using-PowerBI-Reports,./data/pdf/Finding--Using-PowerBI-Reportspdf.pdf,pdf,fd810e4123a2073e705ec0f44ed0bda1220533666d226b6b257b2b8fb2402a66
Missionary Software & Uses,Power BI,Focus Mode.pdf,https://missionaries.prod.byu-pathway.psdops.com/Focus-Mode,./data/pdf/Focus-Modepdf.pdf,pdf,f646b9bcff7d25f73636328b74be6fc772ea6d2932e8d8c47e6ba79fefd6d0ad
Missionary Software & Uses,Power BI,How to Find Power BI Reports 3.pdf,https://missionaries.prod.byu-pathway.psdops.com/How-to-Find-Power-BI-Reports-3,./data/pdf/How-to-Find-Power-BI-Reports-pdf.pdf,pdf,30e295935323d56c11a037bebbde32f30ef67d036effddc66eada145eed151c0
Missionary Software & Uses,Power BI,How to Use the Filter Menu.pdf,https://missionaries.prod.byu-pathway.psdops.com/How-to-Use-the-Filter-Menu,./data/pdf/How-to-Use-the-Filter-Menupdf.pdf,pdf,20982726dc9cf0bae079435bd70e1835fcf6f0cd304098f91f112a9daf311555
Missionary Software & Uses,Power BI,Monitor HJG Applications.pdf,https://missionaries.prod.byu-pathway.psdops.com/Monitor-HJG-Applications,./data/pdf/Monitor-HJG-Applicationspdf.pdf,pdf,f0b0083c1efda209b327b6eab07895ba43e280f99e72665601dab77f11029324
Missionary Software & Uses,Power BI,Monitor Missionary End Dates in Power BI.pdf,https://missionaries.prod.byu-pathway.psdops.com/Monitor-Missionary-End-Dates-in-Power-BI,./data/pdf/Monitor-Missionary-End-Dates-in-Power-BIpdf.pdf,pdf,0007c7507d1a6a1c96c928bcc97eff4f212e98d61a047306adb9b291ea97822f
Missionary Software & Uses,Power BI,Power BI Training.pdf,https://missionaries.prod.byu-pathway.psdops.com/Power-BI-Training,./data/pdf/Power-BI-Trainingpdf.pdf,pdf,a8e198b446b80cf0db6046745bd575987a5ecd4771a8de9b24ca40c94806af19
Missionary Software & Uses,Power BI,PowerBI Reports Overview.pdf,https://missionaries.prod.byu-pathway.psdops.com/PowerBI-Reports-Overview,./data/pdf/PowerBI-Reports-Overviewpdf.pdf,pdf,de632f9f0ee8ee37760c93588486216021e840acfec81950f070ff1ca3e930a0
Missionary Software & Uses,Power BI,Prepare Excel Sheets for Basic Filtering.pdf,https://missionaries.prod.byu-pathway.psdops.com/Prepare-Excel-Sheets-for-Basic-Filtering,./data/pdf/Prepare-Excel-Sheets-for-Basic-Filteringpdf.pdf,pdf,0f87c8c85f3da843185a664ed53316f2f8905166d2a95ee1bb3fd3207aa2355e
Missionary Software & Uses,Power BI,Reset Filters.pdf,https://missionaries.prod.byu-pathway.psdops.com/Reset-Filters,./data/pdf/Reset-Filterspdf.pdf,pdf,7d1de8fe3bce01a2e5ce6e7d513d2ce5bd845927aa7bb38cef46b50a5981f32a
Missionary Software & Uses,Power BI,Use Additional Filters.pdf,https://missionaries.prod.byu-pathway.psdops.com/Use-Additional-Filters,./data/pdf/Use-Additional-Filterspdf.pdf,pdf,935419ff117fae1cca6950b10074cbfe57752e1de4160c9e283bec7573c945f8
Missionary Software & Uses,Technical Support,2023 ELA Pilot.pdf,https://missionaries.prod.byu-pathway.psdops.com/2023-ELA-Pilot,./data/pdf/-ELA-Pilotpdf.pdf,pdf,d10117bfac3097e0d8da7f6285d5f390dc8de7a13b3c23a79a5d1ecc5205d057
Missionary Software & Uses,Troubleshooting,Check to See if a BYU-Pathway Worldwide System is Down,https://office365lds.sharepoint.com/sites/BYU-PathwayTechnicalSupport/SitePages/System-Status.aspx?xsdata=MDV8MDJ8ZWR3YXJkc3JpY2tpZUBieXVwYXRod2F5Lm9yZ3w1YWFlYjFhNDllOTY0MzZkNTE3MzA4ZGM2Zjg3OGY2OHw2MWU2ZWViMzVmZDc0YWFhYWUzYzYxZThkZWIwOWI3OXwwfDB8NjM4NTA3ODc1MjE5Nzg2NDg1fFVua25vd258VFdGcGJHWnNiM2Q4ZXlKV0lqb2lNQzR3TGpBd01EQWlMQ0pRSWpvaVYybHVNeklpTENKQlRpSTZJazFoYVd3aUxDSlhWQ0k2TW4wPXwwfHx8&sdata=QnlHMGZ5SXd5enNYRUM3bktoa0lNZ0Z3VE84Yk9EK0hhYmhLakM5aXVhcz0%3D&CT=1715195813843&OR=OWA-NT-Mail&CID=a0a1c942-2326-f38f-5387-ba456eb48a6a&clickParams=eyJYLUFwcE5hbWUiOiJNaWNyb3NvZnQgT3V0bG9vayBXZWIgQXBwIiwiWC1BcHBWZXJzaW9uIjoiMjAyNDA0MTkwMDcuMzUiLCJPUyI6Ik1hYyBPUyBYIHVuZGVmaW5lZCJ9,403 Client Error: Forbidden for url: https://office365lds.sharepoint.com/sites/BYU-PathwayTechnicalSupport/SitePages/System-Status.aspx?xsdata=MDV8MDJ8ZWR3YXJkc3JpY2tpZUBieXVwYXRod2F5Lm9yZ3w1YWFlYjFhNDllOTY0MzZkNTE3MzA4ZGM2Zjg3OGY2OHw2MWU2ZWViMzVmZDc0YWFhYWUzYzYxZThkZWIwOWI3OXwwfDB8NjM4NTA3ODc1MjE5Nzg2NDg1fFVua25vd258VFdGcGJHWnNiM2Q4ZXlKV0lqb2lNQzR3TGpBd01EQWlMQ0pRSWpvaVYybHVNeklpTENKQlRpSTZJazFoYVd3aUxDSlhWQ0k2TW4wPXwwfHx8&sdata=QnlHMGZ5SXd5enNYRUM3bktoa0lNZ0Z3VE84Yk9EK0hhYmhLakM5aXVhcz0%3D&CT=1715195813843&OR=OWA-NT-Mail&CID=a0a1c942-2326-f38f-5387-ba456eb48a6a&clickParams=eyJYLUFwcE5hbWUiOiJNaWNyb3NvZnQgT3V0bG9vayBXZWIgQXBwIiwiWC1BcHBWZXJzaW9uIjoiMjAyNDA0MTkwMDcuMzUiLCJPUyI6Ik1hYyBPUyBYIHVuZGVmaW5lZCJ9,403,
Missionary Support and Training,Missionary Motivations,Temple Make and Keep Covenants.pdf,https://missionaries.prod.byu-pathway.psdops.com/Temple-Make-and-Keep-Covenants,./data/pdf/Temple-Make-and-Keep-Covenantspdf.pdf,pdf,a2283bfc1a0668038492dae3448ef910333ec15044bbd507fbbe0ace93925e8f
Policies,,BYU Pathway Worldwide Unapproved Locations.pdf,https://missionaries.prod.byu-pathway.psdops.com/BYU-Pathway-Worldwide-Unapproved-Locations,./data/pdf/BYU-Pathway-Worldwide-Unapproved-Locationspdf.pdf,pdf,f009b4c93b2b76d70fc259764a41c947787107e980d9d5eabc3c77f66e774a16
Policies,,Policy Assistant ACM Role.pdf,https://missionaries.prod.byu-pathway.psdops.com/Policy-Assistant-ACM-Role,./data/pdf/Policy-Assistant-ACM-Rolepdf.pdf,pdf,a6c9c92be32e596baf98f6c34fb85a736416fa4b77e5457106462532e75dab74
Policies,,Policy BYU Pathway Gathering Standards.pdf,https://missionaries.prod.byu-pathway.psdops.com/Policy-BYU-Pathway-Gathering-Standards,./data/pdf/Policy-BYU-Pathway-Gathering-Standardspdf.pdf,pdf,4bc2783992645e57ebc3e18dcf88cf8b072639506ee85e756cacf3f74724e7cf
Policies,,Policy CDOL Access.pdf,https://missionaries.prod.byu-pathway.psdops.com/Policy-CDOL-Access,./data/pdf/Policy-CDOL-Accesspdf.pdf,pdf,46f59ad5417d42783149a39ac47f281ee25ea5ca2070716963b46848804405ac
Policies,,Policy Employees Serving As BYUPW Service Missionary.pdf,https://missionaries.prod.byu-pathway.psdops.com/Policy-Employees-Serving-As-BYUPW-Service-Missionary,./data/pdf/Policy-Employees-Serving-As-BYUPW-Service-Missionarypdf.pdf,pdf,b4245a10eedb068e1217b2e17ab2a024a03ecd50dbfffa8693a9504d70cb1067
Policies,,Policy Exception to Enroll With Outstanding Balances.pdf,https://missionaries.prod.byu-pathway.psdops.com/Policy-Exception-to-Enroll-With-Outstanding-Balances,./data/pdf/Policy-Exception-to-Enroll-With-Outstanding-Balancespdf.pdf,pdf,84df2f5dcc83f0823245fcf05caaa0a12836b524a64e4e58e4376597274af76a
Policies,,Policy Executive Secretaries & Communication.pdf,https://missionaries.prod.byu-pathway.psdops.com/Policy-Executive-Secretaries-&-Communication,./data/pdf/Policy-Executive-Secretaries--Communicationpdf.pdf,pdf,18c29bd6b150f61f2854310e73f8facf78b5559110fc8897d17134af1cf525af
Policies,,Policy International Student Transfers.pdf,https://missionaries.prod.byu-pathway.psdops.com/Policy-International-Student-Transfers,./data/pdf/Policy-International-Student-Transferspdf.pdf,pdf,111cabb999ec8df7b47176a131665d8ac0c7b1b24a59d24209649617d4b775a5
Policies,,Policy Issue Zoom Licensed Accounts.pdf,https://missionaries.prod.byu-pathway.psdops.com/ACC%20Documents%20Policy%20Issue%20Zoom%20Licensed%20Accounts,./data/pdf/Policy-Issue-Zoom-Licensed-Accountspdf.pdf,pdf,40c3a3458df4ef2044986b2de9a9baf7b7c23eafef69338a076014c2970cbf9e
Policies,,Policy Missionary Badge Policy.pdf,https://missionaries.prod.byu-pathway.psdops.com/Policy-Missionary-Badge-Policy,./data/pdf/Policy-Missionary-Badge-Policypdf.pdf,pdf,279c20c3160d03ba7c33d7177c291e592c093bf451c1630afd817eeb671e8497
Policies,,Policy New Admission Deadlines.pdf,https://missionaries.prod.byu-pathway.psdops.com/Policy-New-Admission-Deadlines,./data/pdf/Policy-New-Admission-Deadlinespdf.pdf,pdf,c626f757f4dff0d7b08babfe43ab4e4fe3661ad05ebcab3da97edb1dc920786f
Policies,,Policy PATH EnglishConnect Naming Convention for Groups.pdf,https://missionaries.prod.byu-pathway.psdops.com/Policy-PATH-EnglishConnect-Naming-Convention-for-Groups,./data/pdf/Policy-PATH-EnglishConnect-Naming-Convention-for-Groupspdf.pdf,pdf,df64222e930bb67a242c004e826e30d6bc7aa85b86c2d8de41c0b9082a472189
Policies,,Policy PATH Naming Convention for Groups.pdf,https://missionaries.prod.byu-pathway.psdops.com/Policy-PATH_Naming-Convention-for-Groups,./data/pdf/Policy-PATH-Naming-Convention-for-Groupspdf.pdf,pdf,7973e56498e70b3e4b2aed20a7b76b04d89c7230aa343ee93242249d22c059fc
Policies,,Policy Service Missionary Name Badges.pdf,https://missionaries.prod.byu-pathway.psdops.com/Policy-Service-Missionary-Name-Badges,./data/pdf/Policy-Service-Missionary-Name-Badgespdf.pdf,pdf,d96200430e850fdc5667d2935f973501b8ef625e50bce6d3f250a860d3f7467a
Policies,,Policy Student Grievance Against Missionary Public Viewing.pdf,https://missionaries.prod.byu-pathway.psdops.com/Policy-Student-Grievance-Against-Missionary-Public-Viewing,./data/pdf/Policy-Student-Grievance-Against-Missionary-Public-Viewingpdf.pdf,pdf,76b8ca0083abf0549d0b5c14cf10699c2afa5c7e5f3ae9dfb6c881a50bb0d07a
Policies,,Policy Student Late Fee Policy.pdf,https://missionaries.prod.byu-pathway.psdops.com/Policy-Student-Late-Fee-Policy,./data/pdf/Policy-Student-Late-Fee-Policypdf.pdf,pdf,356f55ffa5de4eaf4dae89081cbd8f8ac6f35031a8c9fb82eaf8825f9498e4d3
