URL,Section,Subsection,Title,filename
https://missionaries.prod.byu-pathway.psdops.com/Monitoring-Student-Progress#page=4,['Missing'],['Missing'],['What information should I track for each student?'],f495c29b
https://missionaries.prod.byu-pathway.psdops.com/Monitoring-Student-Progress#page=6,['Missing'],['Missing'],['How do I know what certificate a student has chosen?'],1a9ba3b7
https://missionaries.prod.byu-pathway.psdops.com/SupportOptionsforStudents#page=3,['Missing'],['Missing'],['Future Students'],8acaef8
https://missionaries.prod.byu-pathway.psdops.com/SupportOptionsforStudents#page=4,['Missing'],['Missing'],['Continuing and Returning Students'],96c83b5b
https://studentsupportkb.byupathway.org/knowledgebase/article/KA-01740/en-us#:~:text=The%20current%20qualifications%20for%20a%20Mentor,"['Missing', 'Missing']","['Missing', 'Missing']","['Do I need to be a member of the Church of Jesus Christ of Latter-day Saints to become a mentor?', 'Requirements to Become a Mentor']",8ef816
https://studentsupportkb.byupathway.org/knowledgebase/article/KA-01740/en-us#:~:text=The%20current%20qualifications%20for%20a%20Mentor%20are%20listed%20below,['Missing'],['Missing'],['Can a friend of the church become a mentor?'],1fb981e
https://www.englishconnect.org/get-started#level-1,['Missing'],['Missing'],['Beginner Level Information'],e7ae4af3
https://www.englishconnect.org/get-started#level-2,['Missing'],['Missing'],['Mid-Beginner Level Information'],7ea71b49
https://www.englishconnect.org/get-started#level-3,['Missing'],['Missing'],['Intermediate Level Information'],9a02bdf
