Section,Subsection,Title,URL
BYU-Pathway Support Knowledge Articles,,Search the Support Knowledge base,https://pathway-missionary.powerappsportals.com/
BYU-Pathway Support Knowledge Articles,,Using BYU-Pathway Support Knowledge Articles,https://missionaries.prod.byu-pathway.psdops.com/Using-BYUPW-Support-Knowledge-Articles
BYU-Pathway Worldwide,BYU-Pathway Worldwide Overview,5 things to know about BYU-Pathway Worldwide,https://www.byupathway.edu/articles/feature/5-things-about-byupw
BYU-Pathway Worldwide,BYU-Pathway Worldwide Overview,BYU-Idaho Learning Model,https://www.byui.edu/learning-model/
BYU-Pathway Worldwide,BYU-Pathway Worldwide Overview,BYU-Pathway Student Honor Code,https://www.byupathway.edu/student-wellness/student-honor
BYU-Pathway Worldwide,BYU-Pathway Worldwide Overview,BYU-Pathway Worldwide History,https://missionaries.prod.byu-pathway.psdops.com/BYU-Pathway-Worldwide-History
BYU-Pathway Worldwide,BYU-Pathway Worldwide Overview,Certificate-First Approach,https://missionaries.prod.byu-pathway.psdops.com/Certificate-First-Approach
BYU-Pathway Worldwide,BYU-Pathway Worldwide Overview,Certificate-First Structure,https://www.byupathway.edu/degrees/degree-options
BYU-Pathway Worldwide,BYU-Pathway Worldwide Overview,Check Student History for Past Grades,https://missionaries.prod.byu-pathway.psdops.com/Check-Student-History-for-Past-Grades
BYU-Pathway Worldwide,BYU-Pathway Worldwide Overview,Church HR Annual Workforce Training,https://missionaries.prod.byu-pathway.psdops.com/Church-HR-Annual-Workforce-Training
BYU-Pathway Worldwide,BYU-Pathway Worldwide Overview,Finding the Correct BYU-Pathway Application,https://missionaries.prod.byu-pathway.psdops.com/Finding-the-Correct-BYU-Pathway-Application
BYU-Pathway Worldwide,BYU-Pathway Worldwide Overview,Guidelines for Communicating with Students or Learners,https://missionaries.prod.byu-pathway.psdops.com/Guidelines-for-Communicating-with-Students-or-Learners
BYU-Pathway Worldwide,BYU-Pathway Worldwide Overview,How BYU-Pathway Worldwide Serves Students,https://www.byupathway.edu/serve-students
BYU-Pathway Worldwide,BYU-Pathway Worldwide Overview,Mission Statement,https://missionaries.prod.byu-pathway.psdops.com/Mission-Statement
BYU-Pathway Worldwide,BYU-Pathway Worldwide Overview,Restrictions for Applying to BYU-Pathway,https://missionaries.prod.byu-pathway.psdops.com/Restrictions-for-Applying-to-BYUPW
BYU-Pathway Worldwide,BYU-Pathway Worldwide Overview,Service Missionaries Flyer,https://missionaries.prod.byu-pathway.psdops.com/Service-Missionaries-2
BYU-Pathway Worldwide,BYU-Pathway Worldwide Overview,Updating Group Information,https://missionaries.prod.byu-pathway.psdops.com/Updating-Group-Information
BYU-Pathway Worldwide,BYU-Pathway Worldwide Partners,BYU Hawaii,https://news.byuh.edu/announcements/expanded-opportunities-for-students-in-the-pacific-islands-and-asia
BYU-Pathway Worldwide,BYU-Pathway Worldwide Partners,Ensign College Overview and Learning Signature,https://missionaries.prod.byu-pathway.psdops.com/Ensign-College-Overview
BYU-Pathway Worldwide,Facts and Statistics,Facts and Statistics,https://www.byupathway.edu/facts-stats
BYU-Pathway Worldwide,History,About BYU-Pathway Worldwide Support Knowledge Article,https://pathway-missionary.powerappsportals.com/knowledgebase/article/KA-01152/en-us
BYU-Pathway Worldwide,History,BYU-Pathway Worldwide History,https://missionaries.prod.byu-pathway.psdops.com/BYU-Pathway-Worldwide-History
BYU-Pathway Worldwide,Organization/Leadership,Area Manager Assignments,https://missionaries.prod.byu-pathway.psdops.com/Area-Manager-Assignments
BYU-Pathway Worldwide,Organization/Leadership,Area Structure and Communication,https://missionaries.prod.byu-pathway.psdops.com/Area-Structure-and-Communication
Calendars,Academic Calendars,All Academic Calendars,https://www.byupathway.edu/academic-calendars-all
Calendars,Academic Calendars,BYU-Idaho Academic Calendars,https://www.byui.edu/academic-calendar/
Calendars,Academic Calendars,Ensign College Academic Calendars,https://calendar.ensign.edu/academic-calendars
Calendars,Calendar,EC3 Auto-Drop,https://missionaries.prod.byu-pathway.psdops.com/Autodrop-for-EC3
Calendars,EnglishConnect 3 Academic Calendars,Academic Calendars,https://missionaries.prod.byu-pathway.psdops.com/EnglishConnect-Academic-Calendar
Calendars,EnglishConnect 3 Academic Calendars,Auto-Drop for EC3,https://missionaries.prod.byu-pathway.psdops.com/Autodrop-for-EC3
Calendars,PathwayConnect Academic Calendars,Academic Calendar,https://www.byupathway.edu/pathwayconnect-block-academic-calendar
Calendars,PathwayConnect Academic Calendars,Auto-Drop Support Knowledge Article,https://pathway-missionary.powerappsportals.com/knowledgebase/article/KA-01129/en-us
Calendars,PathwayConnect Academic Calendars,Explain Auto-drop to Students for PC,https://missionaries.prod.byu-pathway.psdops.com/Explain-Auto-drop-to-Students-for-PC
Canvas – Course Previews for Missionaries,,Canvas Curriculum and Course Previews for Missionaries,https://missionaries.prod.byu-pathway.psdops.com/Course-Preview-Overview
Canvas – Student Questions,Communication,How do I contact a grader?,https://resourcecenter.byupathway.org/faqs/f03-01
Canvas – Student Questions,Communication,How do I read announcements in Canvas?,https://resourcecenter.byupathway.org/how-to-read-announcements-in-canvas
Canvas – Student Questions,Communication,How do I set up notifications in Canvas?,https://resourcecenter.byupathway.org/notification-set-up
Canvas – Student Questions,Communication,How do I use my Canvas Inbox?,https://resourcecenter.byupathway.org/faqs/f03-02
Canvas – Student Questions,Completing Work,How do I complete an assignment using Microsoft 365?,https://resourcecenter.byupathway.org/faqs/canvas/how-do-i-complete-an-assignment-using-microsoft-365
Canvas – Student Questions,Completing Work,How do I download an assignment template?,https://resourcecenter.byupathway.org/faqs/f02-03
Canvas – Student Questions,Completing Work,How do I participate in Discussions in Canvas?,https://resourcecenter.byupathway.edu/faqs/canvas/discussions-in-canvas
Canvas – Student Questions,Completing Work,How do I see important dates in Canvas?,https://resourcecenter.byupathway.org/how_to_see_important_dates_in_Canvas
Canvas – Student Questions,Completing Work,How do I sign in to Microsoft 365 on a Mobile Device?,https://resourcecenter.byupathway.edu/how-to-sign-in-to-microsoft-365-on-mobile-device
Canvas – Student Questions,Completing Work,How do I submit an assignment in Canvas?,https://resourcecenter.byupathway.org/faqs/f02-04
Canvas – Student Questions,Getting Started,Canvas Student Orientation,https://byui-ilearn.screenstepslive.com/m/76692/l/865828-canvas-student-orientation
Canvas – Student Questions,Getting Started,Different Places for My Courses,https://resourcecenter.byupathway.org/different-places-for-my-courses
Canvas – Student Questions,Getting Started,Quick Start: Using Canvas on the Mobile App,https://resourcecenter.byupathway.org/quick-start-using-canvas-on-mobile-app
Canvas – Student Questions,Getting Started,Quick Start: Using Canvas on a Web Browser,https://resourcecenter.byupathway.org/faqs/canvas/using-canvas-a-quick-start-guide
Canvas – Student Questions,Getting Started,What is Canvas?,https://resourcecenter.byupathway.org/what-is-canvas
Canvas – Student Questions,Grades and Feedback,How do I check what-if grades?,https://resourcecenter.byupathway.edu/faqs/canvas/how-do-i-check-what-if-grades
Canvas – Student Questions,Grades and Feedback,How do I find my feedback on Math Prep and Writing Prep quizzes?,https://resourcecenter.byupathway.org/faqs/f02-02
Canvas – Student Questions,Grades and Feedback,How do I find my grade and feedback on an assignment?,https://resourcecenter.byupathway.org/faqs/f02-01
Canvas – Student Questions,Settings,"How do I edit my photo, email, language, and time zone?",https://resourcecenter.byupathway.org/photo-email-language-time-zone
Canvas – Student Questions,Troubleshooting,How to Access Canvas through Direct Link,https://www.byui.edu/canvas-authentication/
Canvas – Student Questions,Troubleshooting,Which Browsers Does Canvas Support,https://community.canvaslms.com/t5/Canvas-Basics-Guide/What-are-the-browser-and-computer-requirements-for-Instructure/ta-p/66
Careers / Employment,Career Tools and Resources for Students,Career Development Networking,https://www.byupathway.edu/articles/career-development/career-development-networking
Careers / Employment,Career Tools and Resources for Students,Career Services,https://www.byupathway.edu/career-services
Careers / Employment,Careers,Career Services Online Degree Support Knowledge Article,https://pathway-missionary.powerappsportals.com/knowledgebase/article/KA-01228/en-us
Careers / Employment,Careers,Career Services PathwayConnect Support Knowledge Article,https://pathway-missionary.powerappsportals.com/knowledgebase/article/KA-02094/en-us
Careers / Employment,Employment,Employment Job Openings,https://www.byupathway.edu/employment/job-openings
Certificates,,4 Common Misconceptions about Choosing Certificates,https://www.byupathway.edu/articles/tips/certificate-misconceptions
Certificates,,BYU-Pathway Worldwide Certificates Explained,https://www.byupathway.edu/degrees
Certificates,,Certificate and Degree List,https://www.byupathway.edu/degrees/program-list
Certificates,,Certificates and Degrees Advising,https://www.byupathway.edu/degrees/advising
Certificates,,How to Register for Certificate Courses Support Knowledge Article,https://pathway-missionary.powerappsportals.com/knowledgebase/article/KA-01302/en-us
Certificates,,PathwayConnect Certificates of Completion Support Knowledge Article,https://pathway-missionary.powerappsportals.com/knowledgebase/article/KA-01155/en-us
Certificates & Degrees,Application Process,Account Linking Support Knowledge Article,https://pathway-missionary.powerappsportals.com/knowledgebase/article/KA-01620/en-us
Certificates & Degrees,Application Process,Application Background Section Support Knowledge Article,https://pathway-missionary.powerappsportals.com/knowledgebase/article/KA-01612/en-us
Certificates & Degrees,Application Process,BYU-Pathway Online Certificates and Degrees Application,https://degreeapplication.byupathway.org/
Certificates & Degrees,Application Process,CES Honor Code,https://www.churchofjesuschrist.org/church-education/standards?lang=eng
Certificates & Degrees,Application Process,On-Campus to BYU-Pathway Online Student Support Knowledge Article,https://pathway-missionary.powerappsportals.com/knowledgebase/article/KA-01669/en-us
Certificates & Degrees,Application Process,Preferred Path (byupathway.edu),https://www.byupathway.edu/admissions/application-process
Certificates & Degrees,Application Process,Status Section Support Knowledge Article,https://pathway-missionary.powerappsportals.com/knowledgebase/article/KA-01619/en-us
Certificates & Degrees,Degree Planning,Advising Appointments Support Knowledge Article,https://pathway-missionary.powerappsportals.com/knowledgebase/article/KA-01501/en-us
Certificates & Degrees,Degree Planning,Credit Hours Required for an Associate Degree,https://pathway-missionary.powerappsportals.com/knowledgebase/article/KA-01220/en-us
Certificates & Degrees,Degree Planning,Don’t Know What to Study: 3 Tips to Find Your Path,https://www.byupathway.edu/articles/tips/dont-know-what-to-study
Certificates & Degrees,Degree Planning,Selecting a Major,https://pathway-missionary.powerappsportals.com/knowledgebase/article/KA-01523/en-us
Certificates & Degrees,Ecclesiastical Endorsements,3 Answers to Your Questions about Ecclesiastical Endorsement,https://www.byupathway.edu/articles/tips/ecclesiastical-endorsement
Certificates & Degrees,Ecclesiastical Endorsements,Applicant Ecclesiastical Endorsement Support Knowledge Article,https://pathway-missionary.powerappsportals.com/knowledgebase/article/KA-01841/en-us
Certificates & Degrees,Ecclesiastical Endorsements,Ecclesiastical Endorsements CES Website,https://www.churchofjesuschrist.org/church-education/standards?lang=eng
Certificates & Degrees,Ecclesiastical Endorsements,Ecclesiastical Endorsements,https://missionaries.prod.byu-pathway.psdops.com/Ecclesiastical-Endorsements
Certificates & Degrees,Enrollment Verification,Certificates & Degrees Enrollment Verification,https://www.byui.edu/student-records/enrollment-verification
Certificates & Degrees,Online Degree General Information,Academic Integrity Support Knowledge Article,https://pathway-missionary.powerappsportals.com/knowledgebase/article/KA-01695/en-us
Certificates & Degrees,Online Degree General Information,BYU-Idaho Course Transfer Tool,https://www.byui.edu/transfer-evaluation/course-transfer-tool
Certificates & Degrees,Online Degree General Information,Instructors (Online Degree) Support Knowledge Article,https://pathway-missionary.powerappsportals.com/knowledgebase/article/KA-01537/en-us
Certificates & Degrees,Online Degree General Information,Internships Support Knowledge Article,https://pathway-missionary.powerappsportals.com/knowledgebase/article/KA-01278/en-us
Certificates & Degrees,Records/Transcripts,Transcripts Support Knowledge Article,https://pathway-missionary.powerappsportals.com/knowledgebase/article/KA-01367/en-us
Certificates & Degrees,Three-Year Degree,Earn a Degree in Three Years,https://www.byupathway.edu/degree-in-three
Certificates & Degrees,Three-Year Degree,Three-Year Degree Information for Current and Returning Students,https://www.byupathway.org/three-year-degree-information
Chat Bots,,Companion.byupathway.org,https://companion.byupathway.org/
Communication,Guidelines for Communication,Guidelines for Communication,https://missionaries.prod.byu-pathway.psdops.com/Guidelines-for-Communicating-with-Students-or-Learners
Communication,Send a Group Email,Send a Group Email,https://missionaries.prod.byu-pathway.psdops.com/Send-a-Group-Email
Definitions & Common Terms,EnglishConnect Common Terms,EnglishConnect3 Common Terms,https://missionaries.prod.byu-pathway.psdops.com/EnglishConnect3-Common-Terms
English Connect 1 & 2,EnglishConnect Home,General Information,https://www.englishconnect.org/
English Connect 1 & 2,EnglishConnect 1,Beginner Level Information,https://www.englishconnect.org/get-started
English Connect 1 & 2,EnglishConnect 2,Mid-Beginner Level Information,https://www.englishconnect.org/get-started
English Connect 1 & 2,EnglishConnect Global Launch,EnglishConnect Global Launch,https://churchofjesuschrist.sharepoint.com/sites/EnglishConnect/
English Connect 1 & 2,Resources,Learner Resources,https://www.englishconnect.org/learner-resources
English Connect 1 & 2,Resources,Teacher and Leader Resources,https://www.englishconnect.org/resources/teacher-and-leader
EnglishConnect 3 (EC3),Admission,Intermediate Level Information,https://www.englishconnect.org/get-started
EnglishConnect 3 (EC3),Admission,ELA Score,https://missionaries.prod.byu-pathway.psdops.com/Check-a-Learner's-ELA-Scores
EnglishConnect 3 (EC3),Application Process,Application Process,https://missionaries.prod.byu-pathway.psdops.com/How-a-Learner-Applies-for-EnglishConnect-3
EnglishConnect 3 (EC3),Application Process,English Assessment,https://missionaries.prod.byu-pathway.psdops.com/How-a-Learner-Applies-for-EnglishConnect-3
EnglishConnect 3 (EC3),Application Process,Help a Learner with Registration and Enrollment,https://missionaries.prod.byu-pathway.psdops.com/Help-a-Learner-with-Registration-and-Enrollment
EnglishConnect 3 (EC3),Application Process,How Learners Withdraw,https://missionaries.prod.byu-pathway.psdops.com/How-Learners-Withdraw
EnglishConnect 3 (EC3),Application Process,How to Pay Tuition for EC3,https://missionaries.prod.byu-pathway.psdops.com/How-to-Pay-Tuition-for-EC3
EnglishConnect 3 (EC3),EnglishConnect 3,Frequently Asked Questions for EC3,https://missionaries.prod.byu-pathway.psdops.com/EC3-Frequently-Asked-Questions
EnglishConnect 3 (EC3),EnglishConnect 3,How EnglishConnect Fits with BYU-Pathway Worldwide,https://www.englishconnect.org/byu-pathway
EnglishConnect 3 (EC3),EnglishConnect 3,Lead Learner Lesson Plan Overview,https://missionaries.prod.byu-pathway.psdops.com/Lead-Learner-Lesson-Plan-Overview
EnglishConnect 3 (EC3),EnglishConnect 3,Learner Profiles,https://missionaries.prod.byu-pathway.psdops.com/EC3-Learner-Profiles
EnglishConnect 3 (EC3),Learner Helps,Companion App Overview,https://missionaries.prod.byu-pathway.psdops.com/Companion-App-Overview
EnglishConnect 3 (EC3),Learner Helps,Create an Online Community,https://missionaries.prod.byu-pathway.psdops.com/Create-an-Online-Community
EnglishConnect 3 (EC3),Learner Helps,Understand and Help Adult Learners Progress,https://missionaries.prod.byu-pathway.psdops.com/Understand-and-Help-Adult-Learners-Progress
EnglishConnect 3 (EC3),Learner Platform,Access the Learner Platform,https://missionaries.prod.byu-pathway.psdops.com/Access-the-Learner-Platform
EnglishConnect 3 (EC3),Learner Platform,Impersonate a Learner to Access the Platform,https://missionaries.prod.byu-pathway.psdops.com/Impersonate-a-Learner-to-Access
EnglishConnect 3 (EC3),Learner Platform,Learning Platform Walkthrough,https://missionaries.prod.byu-pathway.psdops.com/Learning-Platform-Walkthrough
EnglishConnect 3 (EC3),Learner Platform,Troubleshoot platform issues,https://missionaries.prod.byu-pathway.psdops.com/Troubleshoot-Platform-Issues
EnglishConnect 3 (EC3),Progress Report,Access Your Learner Progress Report,https://missionaries.prod.byu-pathway.psdops.com/Access-Your-Learner-Progress-Report
EnglishConnect 3 (EC3),Re-enrollment,How a Learner Re-enrolls,https://missionaries.prod.byu-pathway.psdops.com/EC3-Re-enrollment
Friends of the Church,,Give a Book of Mormon to Friends of the Church,https://www.churchofjesuschrist.org/study/manual/share-the-book-of-mormon-2024/01?lang=eng
Friends of the Church,,Help a Friend Connect with the Missionaries,https://www.churchofjesuschrist.org/serve/share/connect-with-missionaries?lang=eng
Gatherings,Attendance,Attendance Defined,https://www.byupathway.edu/policies/handbook/5-5-gathering-standards-edu
Gatherings,Attendance,How do Students Find Their Gathering,https://resourcecenter.byupathway.edu/faqs/f01-01
Gatherings,EnglishConnect 3,Best Practices for EC3 Virtual Gatherings,https://missionaries.prod.byu-pathway.psdops.com/EC3-Virtual-Gathering-Best-Practices
Gatherings,EnglishConnect 3,What is a Default Group,https://missionaries.prod.byu-pathway.psdops.com/What-is-a-Default-Group
Gatherings,Gathering Training and Resources for EnglishConnect,Facilitating a Virtual EC3 Gathering,https://missionaries.prod.byu-pathway.psdops.com/Facilitating-a-Virtual-EC3-Gathering
Gatherings,Gathering Training and Resources for EnglishConnect,Facilitating an In-Person EC3 Gathering,https://missionaries.prod.byu-pathway.psdops.com/Facilitating-an-In-Person-EC3-Gathering
Gatherings,Gathering Training and Resources for EnglishConnect,Gathering Procedures for EnglishConnect 3,https://missionaries.prod.byu-pathway.psdops.com/EC3-Gathering-Procedures
Gatherings,Gathering Training and Resources for EnglishConnect,Guidelines for Gatherings with 11–17-Year-Old Learners,https://missionaries.prod.byu-pathway.psdops.com/Guidelines-for-Gatherings-with-11-17-yrs-old
Gatherings,Gathering Training and Resources for EnglishConnect,Help the Lead Learner,https://missionaries.prod.byu-pathway.psdops.com/Help-the-Lead-Learner
Gatherings,Gathering Training and Resources for EnglishConnect,Your Role in the EC3 Gathering,https://missionaries.prod.byu-pathway.psdops.com/Your-Role-in-the-EC3-Gathering
Gatherings,Gathering Training and Resources for PathwayConnect,Best Practices for Facilitating Virtual Gatherings,https://missionaries.prod.byu-pathway.psdops.com/Best-Practices-for-Facilitating-Virtual-Gatherings
Gatherings,Gathering Training and Resources for PathwayConnect,Best Practices for PC In-Person Gatherings,https://missionaries.prod.byu-pathway.psdops.com/Best-Practices-for-an-In-Person-Gathering
Gatherings,Gathering Training and Resources for PathwayConnect,Best Practices for Virtual Gatherings That Don’t Feature Videoconferencing,https://missionaries.prod.byu-pathway.psdops.com/Best-Practices-for-Virtual-Gatherings-That-Dont-Feature-Videoconferencing
Gatherings,Gathering Training and Resources for PathwayConnect,Gathering Agenda (Sample),https://docs.google.com/document/d/1jTBnzIopFCPZLQyeRmI46vfkQ27nKfnlN3x2BNqX-zo/edit
Gatherings,Gathering Training and Resources for PathwayConnect,Gathering Procedures (PathwayConnect),https://missionaries.prod.byu-pathway.psdops.com/Gathering-Procedures-PathwayConnect
Gatherings,Gathering Training and Resources for PathwayConnect,Gathering Procedures for Inviting Friends,https://missionaries.prod.byu-pathway.psdops.com/Gathering-Procedures-for-Inviting-Friends
Gatherings,Gathering Training and Resources for PathwayConnect,PathwayConnect Gathering Procedures,https://missionaries.prod.byu-pathway.psdops.com/PathwayConnect-Gathering-Procedures
Gatherings,Gathering Training and Resources for PathwayConnect,PC 102 Semester Project Overview,https://missionaries.prod.byu-pathway.psdops.com/PC-102-Semester-Project-Overview
Gatherings,Other Gathering Resources,Improving Your Role in the Gathering,https://office365lds.sharepoint.com/sites/BYUPW-MissionaryServices/SitePages/SHEP--Improving-Your-Role-in-the-gathering.aspx
Gatherings,PathwayConnect Gathering Procedures,Devotionals & Speeches,https://www.byupathway.edu/speeches
Gatherings,PC101,PC 101 Block Lead Student Sign-Up Sheet,https://missionaries.prod.byu-pathway.psdops.com/PC-101-Block-Lead-Student-Sign-Up-Sheet
Gatherings,PC102,Forming Team Project Groups,https://churchofjesuschrist.sharepoint.com/sites/BYUPW-MissionaryServices/SitePages/SHEP--Forming%20Team%20Project%20Groups.aspx
Gatherings,Purpose of the Gathering,Why we Gather,https://www.byupathway.edu/speech/why-we-gather-2020
Graduation from (BYU-Idaho and Ensign College),Application,Diploma/Certificate Graduation Application Support Knowledge Article,https://pathway-missionary.powerappsportals.com/knowledgebase/article/KA-01526/en-us
Graduation from (BYU-Idaho and Ensign College),Application,Reading a BYU-Idaho Degree Audit Support Knowledge Article,https://pathway-missionary.powerappsportals.com/knowledgebase/article/KA-01815/en-us
Increasing Awareness,BYU-Pathway Articles,BYU-Pathway Articles Website,https://www.byupathway.edu/articles
Increasing Awareness,Increasing Awareness of EnglishConnect,EnglishConnect Marketing Materials,https://www.englishconnect.org/resources/teachers-and-leaders
Increasing Awareness,Increasing Awareness of EnglishConnect,EC3 Flyer for Service Missionaries Chinese Traditional,https://missionaries.prod.byu-pathway.psdops.com/EC3-Flyer-for-Service-Missionaries_Chinese-Traditional
Increasing Awareness,Increasing Awareness of EnglishConnect,EC3 Flyer for Service Missionaries English,https://missionaries.prod.byu-pathway.psdops.com/EC3-Flyer-for-Service-Missionaries_English
Increasing Awareness,Increasing Awareness of EnglishConnect,EC3 Flyer for Service Missionaries French,https://missionaries.prod.byu-pathway.psdops.com/EC3-Flyer-for-Service-Missionaries_French
Increasing Awareness,Increasing Awareness of EnglishConnect,EC3 Flyer for Service Missionaries Portuguese,https://missionaries.prod.byu-pathway.psdops.com/EC3-Flyer-for-Service-Missionaries_Portuguese
Increasing Awareness,Increasing Awareness of EnglishConnect,EC3 Flyer for Service Missionaries Spanish,https://missionaries.prod.byu-pathway.psdops.com/EC3-Flyer-for-Service-Missionaries_Spanish
Increasing Awareness,Increasing Awareness of EnglishConnect,EC3 Flyer for Service Missionaries Ukrainian,https://missionaries.prod.byu-pathway.psdops.com/EC3-Flyer-for-Service-Missionaries_Ukrainian
Increasing Awareness,Increasing Awareness of PathwayConnect,BYU-Pathway-in 30 Seconds,https://missionaries.prod.byu-pathway.psdops.com/BYU-Pathway-in-30-Seconds
Increasing Awareness,Increasing Awareness of PathwayConnect,BYU-Pathway in 7-10 Minutes,https://missionaries.prod.byu-pathway.psdops.com/BYU-Pathway-in-7-10-Minutes
Increasing Awareness,Increasing Awareness of PathwayConnect,BYU-Pathway Interest List,https://missionaries.prod.byu-pathway.psdops.com/BYUPW-Interest-List
Increasing Awareness,Increasing Awareness of PathwayConnect,Domestic Quarter Sheets Any Student,https://missionaries.prod.byu-pathway.psdops.com/BYUPW-Interest-List
Increasing Awareness,Increasing Awareness of PathwayConnect,Domestic Quarter Sheets - Better Job,https://missionaries.prod.byu-pathway.psdops.com/Domestic-Quarter-Sheets-Better-Job
Increasing Awareness,Increasing Awareness of PathwayConnect,Domestic Quarter Sheets - Fresh Start,https://missionaries.prod.byu-pathway.psdops.com/Domestic-Quarter-Sheets-fresh-start
Increasing Awareness,Increasing Awareness of PathwayConnect,Domestic Quarter Sheets Everyone Can Access Higher Education,https://missionaries.prod.byu-pathway.psdops.com/Domestic-Quarter-Sheets-Everyone-can-access-higher-education
Increasing Awareness,Increasing Awareness of PathwayConnect,Elders Quorum and Relief Society Presentations,https://missionaries.prod.byu-pathway.psdops.com/Elders-Quorom-and-Relief-Society-Presentations
Increasing Awareness,Increasing Awareness of PathwayConnect,Email All Adult Members,https://missionaries.prod.byu-pathway.psdops.com/Email-All-Adult-Members
Increasing Awareness,Increasing Awareness of PathwayConnect,Employment and Self-Reliance Fair,https://missionaries.prod.byu-pathway.psdops.com/Employment-and-Self-Reliance-Fair
Increasing Awareness,Increasing Awareness of PathwayConnect,Explaining BYU-Pathway to Potential Students,https://missionaries.prod.byu-pathway.psdops.com/Explaining-BYUPW-to-Potential-Students
Increasing Awareness,Increasing Awareness of PathwayConnect,Firesides and Devotionals,https://missionaries.prod.byu-pathway.psdops.com/Firesides-and-Devotionals
Increasing Awareness,Increasing Awareness of PathwayConnect,For Church Leaders Webpage,https://www.byupathway.edu/church-leaders
Increasing Awareness,Increasing Awareness of PathwayConnect,Informe en Fuentes de recursos para líderes y secretarios de la Iglesia,https://missionaries.prod.byu-pathway.psdops.com/Informe-en-Fuentes-de-recursos-para-l%C3%ADderes-y-secretarios-de-la-Iglesia
Increasing Awareness,Increasing Awareness of PathwayConnect,Institutional Handout,https://missionaries.prod.byu-pathway.psdops.com/Institutional-Handout-
Increasing Awareness,Increasing Awareness of PathwayConnect,Institutional Brochure,https://missionaries.prod.byu-pathway.psdops.com/institutional-brochure-bi-fold-pdf
Increasing Awareness,Increasing Awareness of PathwayConnect,Inviting Friends of the Church (No friends of the church in Group),https://missionaries.prod.byu-pathway.psdops.com/Inviting-Friends-of-the-Church-No-Nonmembers-in-Group
Increasing Awareness,Increasing Awareness of PathwayConnect,Inviting Friends of the Church,https://missionaries.prod.byu-pathway.psdops.com/Inviting-Friends-of-the-Church-Nonmembers-in-Group
Increasing Awareness,Increasing Awareness of PathwayConnect,Inviting Friends Who Are Not Members,https://missionaries.prod.byu-pathway.psdops.com/Inviting-Friends-Who-Are-Not-Members
Increasing Awareness,Increasing Awareness of PathwayConnect,Leader and Clerk Resources Report for Church Leaders,https://missionaries.prod.byu-pathway.psdops.com/Leader-and-Clerk-Resources-Report-for-Church-Leaders
Increasing Awareness,Increasing Awareness of PathwayConnect,Marketing Resources,https://www.byupathway.edu/marketing-resources
Increasing Awareness,Increasing Awareness of PathwayConnect,Ministering Through Education,https://missionaries.prod.byu-pathway.psdops.com/Ministering-Through-Education
Increasing Awareness,Increasing Awareness of PathwayConnect,Presenting at Ward and Stake Council,https://missionaries.prod.byu-pathway.psdops.com/Presenting-at-Ward-and-Stake-Council
Increasing Awareness,Increasing Awareness of PathwayConnect,Printable Interest List,https://missionaries.prod.byu-pathway.psdops.com/BYUPW-Interest-List
Increasing Awareness,Increasing Awareness of PathwayConnect,Sacrament Meeting Talks,https://missionaries.prod.byu-pathway.psdops.com/Sacrament-Meeting-Talks
Increasing Awareness,Increasing Awareness of PathwayConnect,"Scriptures, Quotes, and Talks About Education",https://missionaries.prod.byu-pathway.psdops.com/Scriptures-Quotes-and-Talks-About-Education
Increasing Awareness,Increasing Awareness of PathwayConnect,Second Hour Presentation,https://missionaries.prod.byu-pathway.psdops.com/Second-Hour-Presentation
Increasing Awareness,Increasing Awareness of PathwayConnect,Shepherd with Charity,https://missionaries.prod.byu-pathway.psdops.com/Shepherd-with-Charity
Increasing Awareness,Increasing Awareness of PathwayConnect,Stake Bishop Council Meeting,https://missionaries.prod.byu-pathway.psdops.com/Stake-Bishop-Council-Meeting
Increasing Awareness,Increasing Awareness of PathwayConnect,Sunday Visits with Language Wards,https://missionaries.prod.byu-pathway.psdops.com/Sunday-Visits-with-Language-Wards
Increasing Awareness,Increasing Awareness of PathwayConnect,Sunday Visits with Wards and Stakes,https://missionaries.prod.byu-pathway.psdops.com/Sunday-Visits-with-Wards-and-Stakes
Increasing Awareness,Increasing Awareness of PathwayConnect,Ward Bulletin Announcement,https://missionaries.prod.byu-pathway.psdops.com/Ward-Bulletin-Announcement
Institute/Religion,,Check for Institute Registration for College Credit,https://missionaries.prod.byu-pathway.psdops.com/institute-for-college-credit
Institute/Religion,,Institute - Religion course requirements for PathwayConnect Students,https://www.byupathway.edu/policies/catalog/7-01-institute-religion-course-requirements
Institute/Religion,,My Institute Website,https://myinstitute.churchofjesuschrist.org/
Instructional Teams,Instructional Teams,Block and Instructional Teams FAQ,https://missionaries.prod.byu-pathway.psdops.com/Block-and-Instructional-TeaFAQ
Instructional Teams,Instructional Teams,Instructional Teams,https://missionaries.prod.byu-pathway.psdops.com/Instructional-Teams
Instructional Teams,Instructional Teams,Instructional Teams FAQ,https://missionaries.prod.byu-pathway.psdops.com/Block-and-Instructional-TeaFAQ
Instructional Teams,Student Resources,Instructors Support knowledge Article,https://pathway-missionary.powerappsportals.com/knowledgebase/article/KA-01250/en-us
Matriculation,What is Matriculation?,"Completion Requirements, Matriculation, and GPA Support Knowledge Article",https://pathway-missionary.powerappsportals.com/knowledgebase/article/KA-01242/en-us
Matriculation,What is Matriculation?,Online Degree Admission Requirements,https://pathway-missionary.powerappsportals.com/knowledgebase/article/KA-01524/en-us
Matriculation,What is Matriculation?,Requirements to Matriculate to Certificates and Degrees,https://studentsupportkb.byupathway.org/knowledgebase/article/KA-01173/en-us
Mentors,BYU-Pathway Mentors,How Students Find Their Mentor,https://missionaries.prod.byu-pathway.psdops.com/How-Students-Find-Their-Mentor
Mentors,The Mentor Program,About Mentors,https://www.byupathway.edu/mentors
Mentors,The Mentor Program,Can a student change their mentor?,https://studentsupportkb.byupathway.org/knowledgebase/article/KA-01338/en-us
Mentors,The Mentor Program,Qualifications for Applying to Become a Mentor,https://pathway-missionary.powerappsportals.com/knowledgebase/article/KA-01740/en-us
New Learner Visits (EnglishConnect 3),,First Contact Messages for Learners,https://missionaries.prod.byu-pathway.psdops.com/First-Contact-Messages-for-Learners
New Learner Visits (EnglishConnect 3),,New Learner Visit,https://missionaries.prod.byu-pathway.psdops.com/New-Learner-Visit
New Learner Visits (EnglishConnect 3),,Pre-Semester Gathering Agenda,https://missionaries.prod.byu-pathway.psdops.com/EC3-Pre-Semester-Gathering-Agenda
New Learner Visits (EnglishConnect 3),,Pre-Semester Gatherings,https://missionaries.prod.byu-pathway.psdops.com/EC3-Pre-Semester-Gathering
New Student Visits (PathwayConnect),,About New Student Visits,https://missionaries.prod.byu-pathway.psdops.com/About-New-Student-Visits
New Student Visits (PathwayConnect),,New Student Visit Instructions,https://missionaries.prod.byu-pathway.psdops.com/New-Student-Visit-Instructions
New Student Visits (PathwayConnect),,New Student Visits – Tracker,https://missionaries.prod.byu-pathway.psdops.com/New-Student-Visits-Tracker
PATH,PATH for EC3 Gathering Missionaries,Accessing Your Learner List,https://missionaries.prod.byu-pathway.psdops.com/Accessing-Your-Learner-List
PATH,PATH for EC3 Gathering Missionaries,Finding Learner Information,https://missionaries.prod.byu-pathway.psdops.com/Finding-Learner-Information-EC3
PATH,PATH for EC3 Gathering Missionaries,Finding Your Location in PATH EC3,https://missionaries.prod.byu-pathway.psdops.com/Finding-Your-Location-in-PATH-EC3
PATH,PATH for EC3 Gathering Missionaries,Learner Information,https://missionaries.prod.byu-pathway.psdops.com/Locate-Learner-Information
PATH,PATH for EC3 Gathering Missionaries,Link to the PATH Website,http://path.churchofjesuschrist.org/
PATH,PATH for EC3 Gathering Missionaries,Logging into PATH,https://missionaries.prod.byu-pathway.psdops.com/Logging-into-PATH-EC3
PATH,PATH for EC3 Gathering Missionaries,Overview of Location Details Page,https://missionaries.prod.byu-pathway.psdops.com/Overview-of-Location-Details-Page-EC3
PATH,PATH for EC3 Gathering Missionaries,Switching to EC3 PATH,https://missionaries.prod.byu-pathway.psdops.com/Switching-to-EC3-PATH
PATH,PATH for EC3 Gathering Missionaries,Understanding the Groups Page,https://missionaries.prod.byu-pathway.psdops.com/Understanding-the-Groups-Page-EC3
PATH,PATH for EC3 Gathering Missionaries,Updating Your Personal Information,https://missionaries.prod.byu-pathway.psdops.com/Updating-Your-Personal-Information-in-PATH-EC3
PATH,PATH for EC3 Gathering Missionaries,Using the PATH Search Feature,https://missionaries.prod.byu-pathway.psdops.com/Using-the-PATH-Search-Feature-EC3
PATH,PATH for PathwayConnect Gathering Missionaries,Accessing Your Student List,https://missionaries.prod.byu-pathway.psdops.com/Accessing-Your-Student-List-in-PATH
PATH,PATH for PathwayConnect Gathering Missionaries,Finding Your Location,https://missionaries.prod.byu-pathway.psdops.com/Finding-Your-Location-in-PATH
PATH,PATH for PathwayConnect Gathering Missionaries,Merging Duplicate Student Accounts,https://pathway-missionary.powerappsportals.com/knowledgebase/article/KA-01686/en-us#Duplicate
PATH,PATH for Area Leaders,PATH Group Naming Conventions,https://missionaries.prod.byu-pathway.psdops.com/PATH-Group-Naming-Convention
PathwayConnect (PC),Academic Planning,Academic Planning Tools,https://missionaries.prod.byu-pathway.psdops.com/Academic-Planning-Tools
PathwayConnect (PC),Application Process,PC Application Walkthrough,https://missionaries.prod.byu-pathway.psdops.com/PC-Application-Walkthrough
PathwayConnect (PC),Course Retakes,Does a Student Have to Retake a Course for Which they Already Have a Passing Grade?,https://pathway-missionary.powerappsportals.com/knowledgebase/article/KA-01173/en-us
PathwayConnect (PC),PathwayConnect General Information,About New Student Visits,https://missionaries.prod.byu-pathway.psdops.com/About-New-Student-Visits
PathwayConnect (PC),PathwayConnect General Information,Auto-drop,https://missionaries.prod.byu-pathway.psdops.com/Auto-drop
PathwayConnect (PC),PathwayConnect General Information,Calculate a Students GPA,https://missionaries.prod.byu-pathway.psdops.com/Calculate-a-Students-GPA
PathwayConnect (PC),PathwayConnect General Information,Course Preview Overview,https://missionaries.prod.byu-pathway.psdops.com/Course-Preview-Overview
PathwayConnect (PC),PathwayConnect General Information,Explain the Block Schedule,https://missionaries.prod.byu-pathway.psdops.com/Explain-the-Block-Schedule
PathwayConnect (PC),PathwayConnect General Information,How Students Choose Their Certificate,https://missionaries.prod.byu-pathway.psdops.com/How-Students-Choose-Their-Certificate
PathwayConnect (PC),PathwayConnect General Information,How Students Print Their Certificate of Completion,https://missionaries.prod.byu-pathway.psdops.com/How-Students-Print-Their-Certificate-of-Completion
PathwayConnect (PC),PathwayConnect General Information,How Students Repeat Courses,https://missionaries.prod.byu-pathway.psdops.com/How-Students-Repeat-Courses
PathwayConnect (PC),PathwayConnect General Information,Ideas if a lead student doesn't show,https://missionaries.prod.byu-pathway.psdops.com/Ideas-if-a-lead-student-doesn't-show
PathwayConnect (PC),PathwayConnect General Information,Learn About PC 101,https://missionaries.prod.byu-pathway.psdops.com/Learn-About-PC-101
PathwayConnect (PC),PathwayConnect General Information,Learn About PC 102,https://missionaries.prod.byu-pathway.psdops.com/Learn-About-PC-102
PathwayConnect (PC),PathwayConnect General Information,Learn About PC 103,https://missionaries.prod.byu-pathway.psdops.com/Learn-About-PC-103
PathwayConnect (PC),PathwayConnect General Information,New Student Orientation/New Student Checklist,https://www.byupathway.edu/new-student-orientation-pathwayconnect?pk_campaign=NSU&pk_kwd=-4.2&pk_source=email&pk_medium=26-03-2024&pk_content=03
PathwayConnect (PC),PathwayConnect General Information,PathwayConnect Common Terms,https://missionaries.prod.byu-pathway.psdops.com/PathwayConnect-Common-Terms
PathwayConnect (PC),PathwayConnect General Information,PC – Course Descriptions,https://studentsupportkb.byupathway.org/knowledgebase/article/KA-01171/en-us
PathwayConnect (PC),PathwayConnect General Information,PC – General Program Information,https://pathway-missionary.powerappsportals.com/knowledgebase/article/KA-01239/en-us
PathwayConnect (PC),PathwayConnect General Information,PC 103 Block Lead Student Sign-Up Sheet Fillable,https://missionaries.prod.byu-pathway.psdops.com/PC-103-Block-LS-Sign-Up-Sheet-Fillable
PathwayConnect (PC),PathwayConnect General Information,PC Application Process,https://missionaries.prod.byu-pathway.psdops.com/PC-Application-Process
PathwayConnect (PC),PathwayConnect General Information,Playing Hymns in a Virtual Gathering,https://missionaries.prod.byu-pathway.psdops.com/Playing-Hymns-in-a-Virtual-Gathering
PathwayConnect (PC),PathwayConnect General Information,Students Visiting Another Gathering,https://missionaries.prod.byu-pathway.psdops.com/Students-Visiting-Another-Gathering
Policies,,Missionary Student in Crisis Escalation Policy,https://missionaries.prod.byu-pathway.psdops.com/Missionary-Student-in-Crisis-Escalation-Policy
Policies,,Policy - Zoom Recordings,https://missionaries.prod.byu-pathway.psdops.com/Policy-Zoom-Recordings
Policies,,Policy-Missionary Dress and Grooming Standards,https://missionaries.prod.byu-pathway.psdops.com/Policy-Missionary-Dress-&-Grooming-policy
Policies,,Policy-PATH Naming Convention for Groups,https://missionaries.prod.byu-pathway.psdops.com/Policy-PATH_Naming-Convention-for-Groups
Roles & Responsibilities,Duties of a tutor,How a tutor can help a student,https://www.byupathway.edu/articles/tips/how-a-tutor-can-help-you
Scholarships & Tuition Discounts,Scholarships,Apply For and Check Status of HJG Scholarship,https://missionaries.prod.byu-pathway.psdops.com/Apply-For-and-Check-Status-of-HJG-Scholarship
Scholarships & Tuition Discounts,Scholarships,Know if a student has a scholarship,https://missionaries.prod.byu-pathway.psdops.com/View-Scholarships-Received
Scholarships & Tuition Discounts,Scholarships Available to Students,Hall Foundation scholarship,https://hall-foundation.org/requirements/
Scholarships & Tuition Discounts,Scholarships Available to Students,Heber J. Grant (HJG) Scholarship,https://www.byupathway.edu/hjg-scholarship
Scholarships & Tuition Discounts,Scholarships Available to Students,Scholarship Information,https://missionaries.prod.byu-pathway.psdops.com/Scholarship-Information
Scholarships & Tuition Discounts,Scholarships Available to Students,Tuition Discounts,https://www.byupathway.edu/tuition-discounts
Senior Service Missionaries,General Information and Training,Service Missionaries,https://www.byupathway.edu/service-missionaries
Senior Service Missionaries,General Information and Training,Service Missionary Responsibilities,https://missionaries.prod.byu-pathway.psdops.com/Service-Missionaries-2
Senior Service Missionaries,General Information and Training,Support: Who to Contact,https://missionaries.prod.byu-pathway.psdops.com/who-to-contact
Shepherding / Ministering,,Building a Community of Friendship,https://missionaries.prod.byu-pathway.psdops.com/SHEP-Building-a-Community-of-Friendship
Shepherding / Ministering,,Create a Church Account for Friends of the Church,https://missionaries.prod.byu-pathway.psdops.com/Create-a-Church-Account-for-Friends-of-the-Church
Shepherding / Ministering,,Evaluating Your Gathering,https://missionaries.prod.byu-pathway.psdops.com/Evaluating-Your-Gathering
Shepherding / Ministering,,Explain Gospel Resources,https://missionaries.prod.byu-pathway.psdops.com/Explain-Gospel-Resources
Shepherding / Ministering,,Helping Students Overcome Obstacles,https://missionaries.prod.byu-pathway.psdops.com/Helping-Students-Overcome-Obstacles
Shepherding / Ministering,,Helping Students Register for Next Term,https://missionaries.prod.byu-pathway.psdops.com/Helping-Students-Register-for-Next-Term
Shepherding / Ministering,,How a Student Changes Their Church Account Name,https://missionaries.prod.byu-pathway.psdops.com/How-a-Student-Changes-Their-Church-Account-Name
Shepherding / Ministering,,Improving Your Shepherding,https://missionaries.prod.byu-pathway.psdops.com/Improving-Your-Shepherding
Shepherding / Ministering,,Keep the Spirit in the Gathering,https://missionaries.prod.byu-pathway.psdops.com/Keep-the-Spirit-in-the-Gathering
Shepherding / Ministering,,Lending Money to Students,https://missionaries.prod.byu-pathway.psdops.com/SHEP-Lending-Money-to-Students
Shepherding / Ministering,,Looking Out for The Hidden Crisis,https://missionaries.prod.byu-pathway.psdops.com/Looking-Out-For-The-Hidden-Crisis
Shepherding / Ministering,,New Student New Missionary,https://missionaries.prod.byu-pathway.psdops.com/New-Student-New-Missionary
Shepherding / Ministering,,New Student Visit Instructions,https://missionaries.prod.byu-pathway.psdops.com/New-Student-Visit-Instructions
Shepherding / Ministering,,Providing Christlike Feedback,https://missionaries.prod.byu-pathway.psdops.com/Providing-Christlike-Feedback
Shepherding / Ministering,,Resources for New and Continuing Students,https://missionaries.prod.byu-pathway.psdops.com/Resources-for-New-and-Continuing-Students.png
Shepherding / Ministering,,Shepherd with Charity,https://missionaries.prod.byu-pathway.psdops.com/Shepherd-with-Charity
Shepherding / Ministering,,Student Issue Escalate Process,https://missionaries.prod.byu-pathway.psdops.com/student-issues-escalate-process
Shepherding / Ministering,,Support Options for Students,https://missionaries.prod.byu-pathway.psdops.com/SupportOptionsforStudents
Shepherding / Ministering,,Support Students with Disabilities,https://missionaries.prod.byu-pathway.psdops.com/Support-Students-with-Disabilities
Shepherding / Ministering,Friends of the Church,Create a Church Account for Friends of the Church,https://missionaries.prod.byu-pathway.psdops.com/Create-a-Church-Account-for-Friends-of-the-Church
Shepherding / Ministering,Improve Shepherding,Evaluating Your Gathering,https://missionaries.prod.byu-pathway.psdops.com/Evaluating-Your-Gathering
Shepherding / Ministering,Improve Shepherding,Improving Your Shepherding,https://missionaries.prod.byu-pathway.psdops.com/Improving-Your-Shepherding
Shepherding / Ministering,Improve Shepherding,Keep the Spirit in the Gathering,https://missionaries.prod.byu-pathway.psdops.com/Keep-the-Spirit-in-the-Gathering
Shepherding / Ministering,Improve Shepherding,Using Your Zoom Room During the Week,https://missionaries.prod.byu-pathway.psdops.com/Using-Your-Zoom-Room-During-the-Week
Shepherding / Ministering,Ministering to Students,Explain Gospel Resources,https://missionaries.prod.byu-pathway.psdops.com/Explain-Gospel-Resources
Shepherding / Ministering,Ministering to Students,Help Students Avoid Auto-Drop,https://missionaries.prod.byu-pathway.psdops.com/Help-Students-Avoid-Auto-Drop
Shepherding / Ministering,Ministering to Students,Helping Students Overcome Obstacles,https://missionaries.prod.byu-pathway.psdops.com/Helping-Students-Overcome-Obstacles
Shepherding / Ministering,Ministering to Students,Helping Students Register for the Next Term,https://missionaries.prod.byu-pathway.psdops.com/Helping-Students-Register-for-Next-Term
Shepherding / Ministering,Ministering to Students,How a Student Changes Their Church Account Name,https://missionaries.prod.byu-pathway.psdops.com/How-a-Student-Changes-Their-Church-Account-Name
Shepherding / Ministering,Ministering to Students,What if a student is retaking a course?,https://missionaries.prod.byu-pathway.psdops.com/what-if-a-student-is-retaking-a-course
Shepherding / Ministering,PC 102,Shepherding Team Group Projects,https://missionaries.prod.byu-pathway.psdops.com/Shepherding-Team-Project-Groups
Shepherding / Ministering,PC 102,Helping Students Select a Certificate,https://missionaries.prod.byu-pathway.psdops.com/Helping-Students-Select-a-Certificate
Software Systems,Student Technology,Student Technology Requirements,https://www.byupathway.edu/technology-requirements
Software Systems,Technical Support,BYU-Pathway Student Support,https://www.byupathway.edu/student-support
Software Systems,Technical Support,Common User Errors Support Knowledge Article,https://pathway-missionary.powerappsportals.com/knowledgebase/article/KA-01759/en-us
Students with Disabilities,,Assistance for Students with Disabilities,https://www.byupathway.edu/student-wellness/accessibility
Students with Disabilities,,Disability Services Support Knowledge Article,https://pathway-missionary.powerappsportals.com/knowledgebase/article/KA-01295/en-us
Students with Disabilities,,Support Students with Disabilities,https://missionaries.prod.byu-pathway.psdops.com/Support-Students-with-Disabilities
Student/Learner Portal,,EnglishConnect 3 Learner Portal Walkthrough,https://missionaries.prod.byu-pathway.psdops.com/EC3-Learner-Portal-Walkthrough
Student/Learner Portal,,How Learners Access the Learner Portal,https://missionaries.prod.byu-pathway.psdops.com/Access-the-Learner-Portal
Student/Learner Portal,,How Students Update Personal Information in Their Portal,https://missionaries.prod.byu-pathway.psdops.com/How-Students-Update-Personal-Information-in-Their-Portal
Student/Learner Portal,,Identifying Student Portals,https://missionaries.prod.byu-pathway.psdops.com/Identify-BYU-Pathway-Portals
Student/Learner Portal,,Learning Platform Walkthrough,https://missionaries.prod.byu-pathway.psdops.com/Learning-Platform-Walkthrough
Student/Learner Portal,,Navigating the PathwayConnect Student Portal,https://missionaries.prod.byu-pathway.psdops.com/navigating-the-student-portal
Student/Learner Portal,,Personal Information Change Support Knowledge Article,https://pathway-missionary.powerappsportals.com/knowledgebase/article/KA-01348/en-us
Student/Learner Portal,,Website/Student Account Support Knowledge Article,https://pathway-missionary.powerappsportals.com/knowledgebase/article/KA-01376/en-us
Student Privacy,FERPA,BYU-Pathway Worldwide FERPA Training,https://rise.articulate.com/share/g9ZhYCg3YQJv3f05TNPjx-GJDShtwQjp
Student Privacy,FERPA,Email Data Privacy,https://missionaries.prod.byu-pathway.psdops.com/Email-Data-Privacy
Student Software & Uses,"Student Helps, Needs & Information",Delayed Access to Microsoft Office Suite Download,https://missionaries.prod.byu-pathway.psdops.com/Delayed-Access-to-Microsoft-Office-Suite-Download
Student Software & Uses,"Student Helps, Needs & Information","Hardware and Software in PC 101, 102, and 103","https://missionaries.prod.byu-pathway.psdops.com/Hardware-and-Software-in-PC-101,-102,-and-103"
Student Support,Student Concerns,Complaints for PathwayConnect Support Knowledge Article,https://pathway-missionary.powerappsportals.com/knowledgebase/article/KA-01158/en-us
Student Support,Student Concerns,Student Issue Escalation Process,https://missionaries.prod.byu-pathway.psdops.com/Student-Issue-Escalation-Process
Student Support,Student Resources,Student Success Plan Support Knowledge Article,https://pathway-missionary.powerappsportals.com/knowledgebase/article/KA-01635/en-us
Student Wellness,Student Resources,Contact Student Wellness,https://forms.office.com/Pages/ResponsePage.aspx?id=s-7mYddfqkquPGHo3rCbeRIoNMRhMxdFtcMsNT065pRUNUVMWFhXMzkwWUNEMjJEOVEzMzlMRzNYWi4u
Student Wellness,Student Resources,Student Wellness Website,https://www.byupathway.edu/student-wellness
Student Wellness,Supporting Students with Mental Health Concerns,Facing Challenges: A Self-Help Guide,https://www.churchofjesuschrist.org/bc/content/shared/english/charities/pdf/2020/WEL_PD60011069_FacingChallenges_FINAL.pdf
Student Wellness,Supporting Students with Mental Health Concerns,Find a Helpline,https://findahelpline.com/
Student Wellness,Supporting Students with Mental Health Concerns,Student in Crisis Support Knowledge Article,https://pathway-missionary.powerappsportals.com/knowledgebase/article/KA-01361/en-us
Student Wellness,Supporting Students with Mental Health Concerns,Students Experiencing Crisis,https://www.byupathway.edu/student-wellness/students-experiencing-crisis
Tuition & Finances,EnglishConnect 3 (EC3),Pay Tuition for EC3,https://missionaries.prod.byu-pathway.psdops.com/How-to-Pay-Tuition-for-EC3
Tuition & Finances,How to Pay Tuition,Payment Errors Support Knowledge Article,https://pathway-missionary.powerappsportals.com/knowledgebase/article/KA-01218/en-us
Tuition & Finances,How to Pay Tuition,Tuition Payments Support Knowledge Article,https://pathway-missionary.powerappsportals.com/knowledgebase/article/KA-01369/en-us
Tuition & Finances,Online Degrees,Bill Types Support Knowledge Article,https://pathway-missionary.powerappsportals.com/knowledgebase/article/KA-01582/en-us
Tuition & Finances,Online Degrees,Financial Holds (BYU-Idaho) Support Knowledge Article,https://pathway-missionary.powerappsportals.com/knowledgebase/article/KA-01472/en-us
Tuition & Finances,Online Degrees,Financial Holds (Ensign College) Support Knowledge Article,https://pathway-missionary.powerappsportals.com/knowledgebase/article/KA-01601/en-us
Tuition & Finances,Online Degrees,Late Fees Support Knowledge Article,https://pathway-missionary.powerappsportals.com/knowledgebase/article/KA-01462/en-us
Tuition & Finances,Online Degrees,Tuition Payments Support Knowledge Article,https://pathway-missionary.powerappsportals.com/knowledgebase/article/KA-01473/en-us
Tuition & Finances,PathwayConnect,Late Fee Support Knowledge Article,https://pathway-missionary.powerappsportals.com/knowledgebase/article/KA-01253/en-us
Tuition & Finances,PathwayConnect,Lending Money to Students,https://missionaries.prod.byu-pathway.psdops.com/SHEP-Lending-Money-to-Students
Tuition & Finances,PathwayConnect,PathwayConnect Financial Aid,https://pathway-missionary.powerappsportals.com/knowledgebase/article/KA-01219/en-us
Tutoring,,BYU-Idaho Tutoring Services,https://missionaries.prod.byu-pathway.psdops.com/BYU-Idaho-Tutoring-Services
Websites,BYU Pathway Website,byupathway.edu,https://www.byupathway.edu/
Websites,BYU Pathway Website,byupathway.edu sign-in,https://www.byupathway.edu/sign-in
Websites,Missionary Services,Navigate the Missionary Services Website on Desktop,https://missionaries.prod.byu-pathway.psdops.com/Navigate-the-Missionary-Services-Website-on-Desktop
Websites,Missionary Services,Navigate the Missionary Services Website on Mobile,https://missionaries.prod.byu-pathway.psdops.com/Navigate-the-Missionary-Services-Website-on-Mobile
WhatsApp,,Downloading WhatsApp to a Computer,https://missionaries.prod.byu-pathway.psdops.com/Downloading-WhatsApp-to-a-Computer
WhatsApp,Android,Adding and Removing Group Members on Android,https://faq.whatsapp.com/841426356990637/?cms_platform=android&helpref=platform_switcher
WhatsApp,Android,Downloading WhatsApp on Android,https://faq.whatsapp.com/807139050546238/?helpref=hc_fnav&cms_platform=android
WhatsApp,Android,How to Edit Your Profile on Android,https://faq.whatsapp.com/859240711908360/?cms_platform=android&helpref=platform_switcher
WhatsApp,Android,How to Reply to a Message on Android,https://faq.whatsapp.com/3240283752856917/?cms_platform=android&helpref=platform_switcher
WhatsApp,Android,How to Send Voice Messages on Android,https://faq.whatsapp.com/657157755756612/?cms_platform=android&helpref=platform_switcher
WhatsApp,Android,Making a Video Call on Android,https://faq.whatsapp.com/1862285217468140/?cms_platform=android&helpref=platform_switcher
WhatsApp,Android,Managing Notifications on Android,https://faq.whatsapp.com/797069521522888/?cms_platform=android&helpref=platform_switcher
WhatsApp,Android,Registering WhatsApp on Android,https://faq.whatsapp.com/796575231429493/?cms_platform=android&helpref=platform_switcher
WhatsApp,Communication,Can't Send or Receive Messages,https://faq.whatsapp.com/5155925751185676/?helpref=hc_fnav
WhatsApp,Communication,How to Use WhatsApp Responsibly,https://faq.whatsapp.com/361005896189245/?helpref=hc_fnav
WhatsApp,Communication,Two-Step Verification,https://faq.whatsapp.com/1278661612895630/?helpref=hc_fnav
WhatsApp,Communication,WhatsApp Help Center,https://faq.whatsapp.com/
WhatsApp,Desktop,Adding and Removing Group Members on a Computer,https://faq.whatsapp.com/841426356990637/?helpref=hc_fnav&cms_platform=web
WhatsApp,Desktop,Downloading WhatsApp on a Computer,https://faq.whatsapp.com/1513589699119080/?helpref=hc_fnav&cms_platform=windows-desktop
WhatsApp,Desktop,How to Edit Your Profile on a Computer,https://faq.whatsapp.com/859240711908360/?cms_platform=web&helpref=platform_switcher
WhatsApp,Desktop,How to Reply to a Message on a Computer,https://faq.whatsapp.com/3240283752856917/?cms_platform=web&helpref=platform_switcher
WhatsApp,Desktop,How to Send Voice Messages on a Computer,https://faq.whatsapp.com/657157755756612/?helpref=hc_fnav&cms_platform=web
WhatsApp,Desktop,How to Use WhatsApp on a Computer,https://faq.whatsapp.com/668538004658079/?helpref=hc_fnav&cms_platform=web
WhatsApp,Desktop,Making a Video Call on a Computer,https://faq.whatsapp.com/1862285217468140/?helpref=hc_fnav&cms_platform=web
WhatsApp,Desktop,Making a Voice Call on a Computer,https://faq.whatsapp.com/1153602608602452/?helpref=hc_fnav&cms_platform=web
WhatsApp,Desktop,Managing Notifications on a Computer,https://faq.whatsapp.com/797069521522888/?helpref=hc_fnav&cms_platform=web
WhatsApp,iPhone,Adding and Removing Group Members on iPhone,https://faq.whatsapp.com/841426356990637/?cms_platform=iphone&helpref=platform_switcher
WhatsApp,iPhone,Downloading WhatsApp on iPhone,https://faq.whatsapp.com/807139050546238/?cms_platform=iphone&helpref=platform_switcher
WhatsApp,iPhone,How to Edit Your Profile on iPhone,https://faq.whatsapp.com/859240711908360/?cms_platform=iphone&helpref=platform_switcher
WhatsApp,iPhone,How to Reply to a Message on iPhone,https://faq.whatsapp.com/3240283752856917/?cms_platform=iphone&helpref=platform_switcher
WhatsApp,iPhone,How to Send Voice Messages on iPhone,https://faq.whatsapp.com/657157755756612/?cms_platform=iphone&helpref=platform_switcher
WhatsApp,iPhone,Making a Video Call on iPhone,https://faq.whatsapp.com/1862285217468140/?cms_platform=iphone&helpref=platform_switcher
WhatsApp,iPhone,Making a Voice Call on iPhone,https://faq.whatsapp.com/1153602608602452/?cms_platform=iphone&helpref=platform_switcher
WhatsApp,iPhone,Managing Notifications on iPhone,https://faq.whatsapp.com/797069521522888/?cms_platform=iphone&helpref=platform_switcher
WhatsApp,iPhone,Registering WhatsApp on iPhone,https://faq.whatsapp.com/796575231429493/?cms_platform=iphone&helpref=platform_switcher
"Withdraw, Drop, Auto-Drop",,How a Student Withdraws from PathwayConnect or EnglishConnect 3,https://missionaries.prod.byu-pathway.psdops.com/How-a-Student-Withdraws-from-a-Program-PC-or-EC3
"Withdraw, Drop, Auto-Drop",,Withdrawing and Dropping Support Knowledge Article,https://pathway-missionary.powerappsportals.com/knowledgebase/article/KA-01377/en-us
Zoom,Breakout Rooms,Breakout Room Basics,https://missionaries.prod.byu-pathway.psdops.com/Breakout-Room-Basics
Zoom,Breakout Rooms,Breakout Rooms - Manual Creation,https://missionaries.prod.byu-pathway.psdops.com/Breakout-Room-Manual-Creation
Zoom,Breakout Rooms,Communicate to All Breakout Rooms,https://missionaries.prod.byu-pathway.psdops.com/Communicate-to-All-Breakout-Rooms
Zoom,Chat,Chat,https://missionaries.prod.byu-pathway.psdops.com/Chat
Zoom,Co-Host,Assigning a Cohost,https://missionaries.prod.byu-pathway.psdops.com/Assigning-a-Cohost
Zoom,Host,Assigning a Host During a Gathering,https://missionaries.prod.byu-pathway.psdops.com/Assigning-a-Host-During-a-Gathering
Zoom,Host,Claim Host When Substituting,https://missionaries.prod.byu-pathway.psdops.com/Claim-Host-When-Substituting
Zoom,Host Key,Find or Update Your Host Key,https://missionaries.prod.byu-pathway.psdops.com/Finding-or-Updating-Your-Host-Key
Zoom,How Missionaries Use Zoom,Log in to the Zoom Website,https://missionaries.prod.byu-pathway.psdops.com/Log-in-to-the-Zoom-Website
Zoom,How Missionaries Use Zoom,Open Your Zoom Room,https://missionaries.prod.byu-pathway.psdops.com/Opening-Your-Zoom-Room
Zoom,Joining a Zoom Meeting,Find and Share Your Zoom Room Link,https://missionaries.prod.byu-pathway.psdops.com/Zoom-Find-and-Share-Link
Zoom,Joining a Zoom Meeting,How Students Access Your Zoom Room,https://missionaries.prod.byu-pathway.psdops.com/How-Students-Access-Your-Zoom-Room
Zoom,Joining a Zoom Meeting,Join a Zoom Meeting,https://missionaries.prod.byu-pathway.psdops.com/Joining-A-Zoom-Meeting
Zoom,Security,Security,https://missionaries.prod.byu-pathway.psdops.com/Security
Zoom,Share Screen,Share Audio and Video,https://missionaries.prod.byu-pathway.psdops.com/Share-Audio-and-Video
Zoom,Share Screen,Share Multiple Screens,https://missionaries.prod.byu-pathway.psdops.com/Share-Multiple-Screens
Zoom,Share Screen,Share Screen to All Breakout Rooms,https://missionaries.prod.byu-pathway.psdops.com/Share-Screen-to-All-Breakout-Rooms
Zoom,Share Screen,Share Your Screen in Zoom,https://missionaries.prod.byu-pathway.psdops.com/Share-Your-Screen-in-Zoom
Zoom,Update Zoom Software,Check for Updates,https://missionaries.prod.byu-pathway.psdops.com/Checking-for-Updates
Zoom,Update Zoom Software,Update Your Personal Profile Settings,https://missionaries.prod.byu-pathway.psdops.com/Updating-Your-Profile-Settings
Zoom,Update Zoom Software,Update Your Zoom Room Passcode,https://missionaries.prod.byu-pathway.psdops.com/Updating-Your-Zoom-Room-Passcode
Zoom,Video Settings,Video Settings,https://missionaries.prod.byu-pathway.psdops.com/Video-Settings
Zoom,Whiteboards,Share a Whiteboard,https://missionaries.prod.byu-pathway.psdops.com/Sharing-a-Whiteboard
Zoom,Zoom Accounts for Missionaries,Activate Your New BYU-Pathway Zoom Account,https://missionaries.prod.byu-pathway.psdops.com/Activate-Your-New-Zoom-Account
Zoom,Zoom Accounts for Missionaries,Download and Install Zoom for Mac,https://missionaries.prod.byu-pathway.psdops.com/Download-and-Install-Zoom-for-Mac
Zoom,Zoom Accounts for Missionaries,Download and Install Zoom for PC,https://missionaries.prod.byu-pathway.psdops.com/Download-and-Install-Zoom-for-PC
Zoom,Zoom Accounts for Missionaries,Mac Zoom Installation,https://missionaries.prod.byu-pathway.psdops.com/Mac-Zoom-Installation
Zoom,Zoom Accounts for Missionaries,Merge Your Zoom Account,https://missionaries.prod.byu-pathway.psdops.com/Merge-Your-Zoom-Account
Zoom,Zoom and Devices,Tips for Zoom on a Mobile App,https://missionaries.prod.byu-pathway.psdops.com/Tips-for-Zoom-on-a-Mobile-App
Zoom,Zoom Features,How to Show Participant Names,https://missionaries.prod.byu-pathway.psdops.com/How-to-Show-Participant-Names
Zoom,Zoom Features,Learn the Basic Features of Zoom,https://missionaries.prod.byu-pathway.psdops.com/Learn-the-Basic-Features-of-Zoom
Zoom,Zoom Usage for Missionaries,Using Your Zoom Room During the Week,https://missionaries.prod.byu-pathway.psdops.com/Using-Your-Zoom-Room-During-the-Week
Zoom,Zoom Room Views,Gallery and Speaker View,https://missionaries.prod.byu-pathway.psdops.com/Gallery-and-Speaker-View
Uncategorized,,Can a friend of the church become a mentor?,https://studentsupportkb.byupathway.org/knowledgebase/article/KA-01740/en-us
Uncategorized,,Can a student apply for the Hall scholarship if they have completed PC 103 but are retaking PC 102?,https://hall-foundation.org/requirements/
Uncategorized,,Can a student that has applied for a mentor scholarship also apply for the Heber J Grant scholarship?,https://pathway-missionary.powerappsportals.com/knowledgebase/article/KA-01219/en-us
Uncategorized,,Can I access my Zoom class from a link within Canvas?,https://resourcecenter.byupathway.edu/faqs/f01-01
Uncategorized,,Can Pathway Connect graduates take on-campus classes at BYUI or Ensign College,https://pathway-missionary.powerappsportals.com/knowledgebase/article/KA-01524/en-us
Uncategorized,,Can students take certificate courses if they haven't taken PC103?,https://studentsupportkb.byupathway.org/knowledgebase/article/KA-01171/en-us
Uncategorized,,Do I need to be a member of the Church of Jesus Christ of Latter-day Saints to become a mentor?,https://studentsupportkb.byupathway.org/knowledgebase/article/KA-01740/en-us
Uncategorized,,Does BYU advertise online student jobs?,https://www.byupathway.edu/career-services
Uncategorized,,Does BYU-I have a way to download the admissions letter?,https://www.byui.edu/student-records/enrollment-verification
Uncategorized,,How am I impacted if I couldn’t‚ get into my Gathering because of technical problems?,https://pathway-missionary.powerappsportals.com/knowledgebase/article/KA-01221/en-us
Uncategorized,,How can a student change the name on their PathwayConnect certificate?,https://missionaries.prod.byu-pathway.psdops.com/Modify-a-Student-Name-for-a-Completion-Certificate
Uncategorized,,How can a student sign into their student portal?,https://www.byupathway.edu/sign-in
Uncategorized,,How can I give missionaries or a BOM to friends of the church?,https://www.churchofjesuschrist.org/serve/share/book-of-mormon-app?lang=eng
Uncategorized,,How can I help students find jobs?,https://www.byupathway.edu/articles/career-development/career-development-networking
Uncategorized,,How can we help students financially?,https://www.byupathway.edu/service-missionaries
Uncategorized,,How do I add students to a WhatsApp group?,https://faq.whatsapp.com/361005896189245?helpref=faq_content
Uncategorized,,How do I create a WhatsApp group?,https://faq.whatsapp.com/3242937609289432/?helpref=uf_share
Uncategorized,,How do I find old Pathway devotionals?,https://www.byupathway.edu/speeches
Uncategorized,,How do I find the closest ward/branch for a student?,https://www.churchofjesuschrist.org/comeuntochrist/requests/church/find-a-church
Uncategorized,,How do I help the Lead student be successful?,https://www.byupathway.edu/articles/tips/the-lead-student-survival-guide
Uncategorized,,How do I know if a student has a scholarship?,https://missionaries.prod.byu-pathway.psdops.com/Finding-Student-Information-in-PATH%E2%80%8B
Uncategorized,,How do I know if student is member of the church?,https://missionaries.prod.byu-pathway.psdops.com/Verify-a-Learner's-Church-Member-Status
Uncategorized,,How do I know what certificate a student has chosen?,https://missionaries.prod.byu-pathway.psdops.com/Monitoring-Student-Progress
Uncategorized,,How do I use breakout rooms?,https://docs.google.com/document/d/1jTBnzIopFCPZLQyeRmI46vfkQ27nKfnlN3x2BNqX-zo/edit#heading=h.k74s2uwl2t5v
Uncategorized,,How do students access the BYUI application?,https://degreeapplication.byupathway.edu/
Uncategorized,,How do students change majors? change a certificate course?,https://pathway-missionary.powerappsportals.com/knowledgebase/article/KA-01523/en-us
Uncategorized,,How a tutor can help a student,https://www.byupathway.edu/articles/tips/how-a-tutor-can-help-you
Uncategorized,,How do students contact a tutor?,https://www.byui.edu/student-guide/online-tutoring
Uncategorized,,How do students find in-person institute classes?,https://myinstitute.churchofjesuschrist.org/
Uncategorized,,How do students find their canvas the first time?,https://pathway-missionary.powerappsportals.com/knowledgebase/article/KA-01344/en-us
Uncategorized,,How do students get Microsoft 365?,https://pathway-missionary.powerappsportals.com/knowledgebase/article/KA-02156/en-us
Uncategorized,,How does a student find their gathering zoom link?,https://resourcecenter.byupathway.edu/faqs/f01-01
Uncategorized,,How many hours a week do PC101 and institute require with both online time and homework time?,https://studentsupportkb.byupathway.org/knowledgebase/article/KA-01171/en-us
Uncategorized,,How many religion credits are required to graduate in three-year degree program?,https://www.byupathway.edu/policies/catalog/7-01-institute-religion-course-requirements
Uncategorized,,How often could one access Mentorship Bridge Scholarship?,https://sites.google.com/view/bloom-mtl-onboarding/tools-and-guides/mentor-bridge-scholarship-process-for-pmsa
Uncategorized,,How to avoid WhatsApp cancelling my account for spam?,https://faq.whatsapp.com/361005896189245?helpref=faq_content
Uncategorized,,How to get class members to be lead and observing student or give the devotional?,https://content.byui.edu/file/c529b6cc-a70b-4a94-9872-01f35548d87d/19/Lead%20Student%20Guide.pdf
Uncategorized,,How to get class members to be lead and observing student or give the devotional?,https://studentsupportkb.byupathway.org/knowledgebase/article/KA-01223/en-us#Anchor7
Uncategorized,,How to resolve a student having two separate PATH entries with different student IDs?,https://pathway-missionary.powerappsportals.com/knowledgebase/article/KA-01686/en-us#Duplicate
Uncategorized,,"I am having issues with Canvas connections, how do I get ahold of someone to chat with to help me resolve those questions.",https://pathway-missionary.powerappsportals.com/knowledgebase/article/KA-01344/en-us
Uncategorized,,"If I have questions about Whatsapp, is there a customer service I can talk with?",https://faq.whatsapp.com/854037192262196?helpref=search&query=whatsapp%20user%20support&search_session_id=a76c314c69688c71ca748ffb9da173d0&sr=1
Uncategorized,,Is the Hall scholarship different from the Heber J. Grant scholarship?,https://hall-foundation.org/about-scholarship/
Uncategorized,,Is there an exception request link for online degree students?,https://studentsupportkb.byupathway.org/knowledgebase/article/KA-01001/en-us
Uncategorized,,Is there an exception request link for online degree students?,https://www.byui.edu/student-records/academic-petitions
Uncategorized,,Is there homework students can do offline so they don’t have to use their internet time?,https://resourcecenter.byupathway.edu/faqs/f02-03
Uncategorized,,Should missionaries send the gathering zoom link with reminder for the gathering?,https://resourcecenter.byupathway.edu/faqs/f01-01
Uncategorized,,Can PathwayConnect completers apply for on-campus degrees at BYU Idaho and Ensign College after BYU PathwayConnect?,https://www.byupathway.edu/articles/tips/after-pathway-byu-idaho-on-campus
Uncategorized,,What are the duties of mentor?,https://pathway-missionary.powerappsportals.com/knowledgebase/article/KA-01338/en-us
Uncategorized,,What are the requirements to matriculate into BYUI or Ensign College?,https://pathway-missionary.powerappsportals.com/knowledgebase/article/KA-01524/en-us
Uncategorized,,What can a student do if their mentor is not responding?,https://pathway-missionary.powerappsportals.com/knowledgebase/article/KA-01338/en-us
Uncategorized,,What certificates or majors are most employable in an area?,https://www.byupathway.edu/articles/career-development/career-development-networking
Uncategorized,,What do I need to do before term starts?,https://missionaries.prod.byu-pathway.psdops.com/New-Student-Visits
Uncategorized,,What information should I track for each student?,https://missionaries.prod.byu-pathway.psdops.com/Monitoring-Student-Progress
Uncategorized,,What is benefit of doing Pathway Connect if the student already knows the material?,https://www.byupathway.edu/serve-students
Uncategorized,,What is the Hall scholarship?,https://hall-foundation.org/about-scholarship/
Uncategorized,,What is the institute requirement about?,https://www.churchofjesuschrist.org/si/institute/about/institute-graduation?lang=eng
Uncategorized,,What is the link to access the Service Missionary Resources Portal?,https://missionaries.prod.byu-pathway.psdops.com/missionary-services-site-index
Uncategorized,,What is the URL for all academic calendars?,https://www.byupathway.edu/academic-calendars-all
Uncategorized,,What is the URL for the EC3 enrollment calendar?,https://www.englishconnect.org/ec3-enrollment-calendar
Uncategorized,,What opportunities are available to work for BYU (both member or friend of the church)?,https://www.byupathway.edu/employment/job-openings
Uncategorized,,What questions should I ask during the new student interviews?,https://missionaries.prod.byu-pathway.psdops.com/New-Student-Visits
Uncategorized,,What should I do if WhatsApp cancels me for spam?,https://faq.whatsapp.com/465883178708358/?helpref=search&query=banned%20for%20spam&search_session_id=ffe847e6e71c9feee822831867825f47&sr=1
Uncategorized,,What to do if a member student is being charged friend of the church tuition?,https://missionaries.prod.byu-pathway.psdops.com/Finding-Students-with-Duplicate-Path-Accounts
Uncategorized,,What to do If a student has already taken this course with a B or higher?,https://pathway-missionary.powerappsportals.com/knowledgebase/article/KA-01173/en-us
Uncategorized,,When can I get into Canvas?,https://pathway-missionary.powerappsportals.com/knowledgebase/article/KA-01344/en-us
Uncategorized,,When can students first log into their canvas Portal?,https://pathway-missionary.powerappsportals.com/knowledgebase/article/KA-01344/en-us
Uncategorized,,When does a student need to select a major?,https://studentsupportkb.byupathway.org/knowledgebase/article/KA-01171/en-us
Uncategorized,,Which institute classes are required for the three-year degree?,https://www.byupathway.edu/policies/catalog/7-01-institute-religion-course-requirements
Uncategorized,,Why do we Gather?,https://www.byupathway.edu/speech/why-we-gather-2020
